-- phpMyAdmin SQL Dump
-- version 4.4.14
-- http://www.phpmyadmin.net
--
-- Host: localhost
-- Generation Time: Jun 14, 2016 at 04:10 PM
-- Server version: 5.5.20-log
-- PHP Version: 5.3.10

SET SQL_MODE = "NO_AUTO_VALUE_ON_ZERO";
SET time_zone = "+00:00";


/*!40101 SET @OLD_CHARACTER_SET_CLIENT=@@CHARACTER_SET_CLIENT */;
/*!40101 SET @OLD_CHARACTER_SET_RESULTS=@@CHARACTER_SET_RESULTS */;
/*!40101 SET @OLD_COLLATION_CONNECTION=@@COLLATION_CONNECTION */;
/*!40101 SET NAMES utf8mb4 */;

--
-- Database: `dx_quizz`
--

-- --------------------------------------------------------

--
-- Table structure for table `dx_institute`
--

CREATE TABLE IF NOT EXISTS `dx_institute` (
  `id` int(2) NOT NULL COMMENT '学院',
  `insid` int(2) NOT NULL,
  `insname` varchar(100) NOT NULL
) ENGINE=InnoDB AUTO_INCREMENT=16 DEFAULT CHARSET=utf8mb4;

--
-- Dumping data for table `dx_institute`
--

INSERT INTO `dx_institute` (`id`, `insid`, `insname`) VALUES
(1, 1, '船舶与海洋工程学院党委'),
(2, 2, '海洋科学与技术学院党委'),
(3, 3, '汽车工程学院党委'),
(4, 4, '信息与电气工程学院党委'),
(5, 5, '计算机科学与技术学院党委'),
(6, 6, '材料科学与工程学院党委'),
(7, 7, '理学土木党委'),
(8, 8, '经济管理学院党委'),
(9, 9, '语言文学学院党总支'),
(10, 10, '后勤保卫处党总支'),
(11, 11, '思想政治理论教学部党支部'),
(12, 12, '体育教学部党支部'),
(13, 13, '离退休党支部'),
(14, 14, '继续教育学院党支部'),
(15, 15, '校部机关党委');

-- --------------------------------------------------------

--
-- Table structure for table `dx_party`
--

CREATE TABLE IF NOT EXISTS `dx_party` (
  `id` int(8) NOT NULL,
  `username` varchar(50) NOT NULL,
  `partyid` varchar(20) NOT NULL,
  `password` varchar(20) NOT NULL,
  `institute` int(2) NOT NULL
) ENGINE=InnoDB AUTO_INCREMENT=1282 DEFAULT CHARSET=utf8;

--
-- Dumping data for table `dx_party`
--

INSERT INTO `dx_party` (`id`, `username`, `partyid`, `password`, `institute`) VALUES
(1, '胡俊宇', '131320404', '131320404', 1),
(2, '顾新宇', '131310104', '131310104', 1),
(3, '庞舒宁\r', '131320114', '131320114', 1),
(4, '许刚', '131310326', '131310326', 1),
(5, '王浩', '131320120', '131320120', 1),
(6, '李旺鑫', '131310110', '131310110', 1),
(7, '李渊', '131310213', '131310213', 1),
(8, '李仁俊', '131310211', '131310211', 1),
(9, '王兆民', '131310228', '131310228', 1),
(10, '王通', '131310226', '131310226', 1),
(11, '刘诚悦', '131310315', '131310315', 1),
(12, '李虎', '131310308', '131310308', 1),
(13, '赵婧羽\r', '131310331', '131310331', 1),
(14, '杜启龙', '131310402', '131310402', 1),
(15, '杨保玉\r', '131310423', '131310423', 1),
(16, '郭勇辰', '131310405', '131310405', 1),
(17, '于双宁', '131320127', '131320127', 1),
(18, '于津钊', '131320126', '131320126', 1),
(19, '穆佳敏', '131320113', '131320113', 1),
(20, '付佳佳', '131320205', '131320205', 1),
(21, '洪杨', '131320207', '131320207', 1),
(22, '黄辉辉', '131320309', '131320309', 1),
(23, '刘怀志', '131320315', '131320315', 1),
(24, '史家磊', '131320416', '131320416', 1),
(25, '李懿蛟', '131320408', '131320408', 1),
(26, '王玮\r', '130720119', '130720119', 1),
(27, '潘昕荻\r', '130720215', '130720215', 1),
(28, '宋晓彤\r', '131310117', '131310117', 1),
(29, '张婧文\r', '131320229', '131320229', 1),
(30, '韩铭哲', '131320403', '131320403', 1),
(31, '吕和媛\r', '130330206', '130330206', 1),
(32, '张旭东', '141310330', '141310330', 1),
(33, '许子恒', '141310226', '141310226', 1),
(34, '张国文', '141310128', '141310128', 1),
(35, '米明威\r', '141310221', '141310221', 1),
(36, '廖一博', '141310317', '141310317', 1),
(37, '窦昱昊', '141320411', '141320411', 1),
(38, '姜艳\r', '141320102', '141320102', 1),
(39, '邢子鑫', '141310428', '141310428', 1),
(40, '李京', '141320214', '141320214', 1),
(41, '刘永', '141320216', '141320216', 1),
(42, '张林琦', '140150225', '140150225', 1),
(43, '范路宁', '140320121', '140320121', 1),
(44, '钟少康', '151330101', '151330101', 1),
(45, '刘晓峰', '151310310', '151310310', 1),
(46, '刘心雨', '150770111', '150770111', 2),
(47, '黄婉萍', '140770106', '140770106', 2),
(48, '丁健', '140710114', '140710114', 2),
(49, '国谦', '140710102', '140710102', 2),
(50, '欧阳璐', '140710208', '140710208', 2),
(51, '徐舒悦', '140760109', '140760109', 2),
(52, '潘晶晶', '140770109', '140770109', 2),
(53, '刘晨', '140720201', '140720201', 2),
(54, '李诗宣', '140710205', '140710205', 2),
(55, '任庆敏', '140770111', '140770111', 2),
(56, '李金星', '140730115', '140730115', 2),
(57, '陆同周', '140730214', '140730214', 2),
(58, '项惠霖', '140710211', '140710211', 2),
(59, '康珍', '140710103', '140710103', 2),
(60, '刘宗哲', '140730213', '140730213', 2),
(61, '贠豪', '140760129', '140760129', 2),
(62, '刘博翔', '130710111', '130710111', 2),
(63, '梁琨', '130710108', '130710108', 2),
(64, '凌嘉佳', '130710110', '130710110', 2),
(65, '刘洪国', '130710212', '130710212', 2),
(66, '刘玉宁', '130710214', '130710214', 2),
(67, '杨家璇', '130710224', '130710224', 2),
(68, '姜昆', '130710206', '130710206', 2),
(69, '钱雨婷', '130710215', '130710215', 2),
(70, '油勇强', '130710124', '130710124', 2),
(71, '卫园园', '130710222', '130710222', 2),
(72, '仲琳', '130710130', '130710130', 2),
(73, '李丹阳', '130710208', '130710208', 2),
(74, '张欣瑞', '130750127', '130750127', 2),
(75, '许雪娇', '130720124', '130720124', 2),
(76, '王晓宇', '130720120', '130720120', 2),
(77, '邬志惠', '130720220', '130720220', 2),
(78, '张焕莹', '130720226', '130720226', 2),
(79, '王雷', '130750216', '130750216', 2),
(80, '韩涵', '130750207', '130750207', 2),
(81, '翟诗翔', '130750222', '130750222', 2),
(82, '王颖洁', '130750122', '130750122', 2),
(83, '齐泽龙', '130750212', '130750212', 2),
(84, '闫素筠', '130750124', '130750124', 2),
(85, '张天遂', '130730127', '130730127', 2),
(86, '侯振', '130730109', '130730109', 2),
(87, '何青青', '130730108', '130730108', 2),
(88, '程瑶爽', '130730202', '130730202', 2),
(89, '杨其迪', '130730226', '130730226', 2),
(90, '刘东旭', '130730116', '130730116', 2),
(91, '杜洋', '130730203', '130730203', 2),
(92, '段真真', '130730204', '130730204', 2),
(93, '陈倩雯', '130730101', '130730101', 2),
(94, '王玉珍', '130730123', '130730123', 2),
(95, '宋晓荷', '130730120', '130730120', 2),
(96, '吴秀芬', '130730124', '130730124', 2),
(97, '余威懿', '130730228', '130730228', 2),
(98, '武昊', '130120121', '130120121', 3),
(99, '吕佳昊', '130120112', '130120112', 3),
(100, '郭佳宁', '130120107', '130120107', 3),
(101, '刘丰刚', '140120114', '140120114', 3),
(102, '吴思延', '130120120', '130120120', 3),
(103, '安行安', '130120202', '130120202', 3),
(104, '卢联元', '130120217', '130120217', 3),
(105, '雷国斌', '130120214', '130120214', 3),
(106, '吕钰', '130120218', '130120218', 3),
(107, '宋家成', '130120222', '130120222', 3),
(108, '蒋中燎', '140120211', '140120211', 3),
(109, '李旭', '130120215', '130120215', 3),
(110, '林昊昊', '130120216', '130120216', 3),
(111, '李达', '140120213', '140120213', 3),
(112, '刘佳东', '140120216', '140120216', 3),
(113, '陈昊宇', '130120301', '130120301', 3),
(114, '王致远', '130120320', '130120320', 3),
(115, '赵宇飞', '130120330', '130120330', 3),
(116, '李一浩', '140120311', '140120311', 3),
(117, '安全', '140120304', '140120304', 3),
(118, '梁秀', '130120306', '130120306', 3),
(119, '赵尚煜', '130120422', '130120422', 3),
(120, '李毅松', '130120409', '130120409', 3),
(121, '陈诺', '140120408', '140120408', 3),
(122, '穆尧', '140170318', '140170318', 3),
(123, '郭云鹏', '130120405', '130120405', 3),
(124, '孟令玉', '130120414', '130120414', 3),
(125, '徐泽绪', '140120415', '140120415', 3),
(126, '王连骁', '130140121', '130140121', 3),
(127, '韦东焕', '130140123', '130140123', 3),
(128, '王洁', '130140120', '130140120', 3),
(129, '叶亮', '130140125', '130140125', 3),
(130, '杜文海', '130140202', '130140202', 3),
(131, '宋雪莲', '130140217', '130140217', 3),
(132, '顾焓', '130140203', '130140203', 3),
(133, '何宗阳', '140140114', '140140114', 3),
(134, '容松阳', '140140217', '140140217', 3),
(135, '徐明玉', '140140109', '140140109', 3),
(136, '孙慧', '140140106', '140140106', 3),
(137, '熊晓腾', '140140108', '140140108', 3),
(138, '时  强', '140140218', '140140218', 3),
(139, '傅佳楠', '130150104', '130150104', 3),
(140, '杨耀', '130150122', '130150122', 3),
(141, '张启斌', '130150125', '130150125', 3),
(142, '韩张宇', '140150117', '140150117', 3),
(143, '杨唐涛', '130150223', '130150223', 3),
(144, '侯玉强', '130150208', '130150208', 3),
(145, '张乾坤', '130150226', '130150226', 3),
(146, '周东浩', '130150228', '130150228', 3),
(147, '刘凯迪', '130150214', '130150214', 3),
(148, '韩延奇', '130170104', '130170104', 3),
(149, '李培营', '130170108', '130170108', 3),
(150, '童宁', '130170121', '130170121', 3),
(151, '徐德宇', '140170126', '140170126', 3),
(152, '刘定邦', '130170215', '130170215', 3),
(153, '朱运智', '130170232', '130170232', 3),
(154, '陆文明', '140170315', '140170315', 3),
(155, '孙健', '140170322', '140170322', 3),
(156, '张昊', '130170323', '130170323', 3),
(157, '袁野', '130170321', '130170321', 3),
(158, '石康非', '130170413', '130170413', 3),
(159, '李笑', '140170414', '140170414', 3),
(160, '索翎逍', '140170422', '140170422', 3),
(161, '王皓', '130170417', '130170417', 3),
(162, '张威', '140170428', '140170428', 3),
(163, '于慧', '140170404', '140170404', 3),
(164, '李其', '120510221', '120510221', 4),
(165, '慈琎', '130210301', '130210301', 4),
(166, '钟贻鑫', '130210313', '130210313', 4),
(167, '马衍秀', '130220114', '130220114', 4),
(168, '赵夏静', '130220226', '130220226', 4),
(169, '亓雪', '130220311', '130220311', 4),
(170, '贾鹏飞', '130230111', '130230111', 4),
(171, '刘澜', '130230118', '130230118', 4),
(172, '孙滕', '130230219', '130230219', 4),
(173, '谭强', '130240117', '130240117', 4),
(174, '杨剑腾', '130260126', '130260126', 4),
(175, '邹霞枫', '130260130', '130260130', 4),
(176, '张海龙', '130270138', '130270138', 4),
(177, '王昊', '130610215', '130610215', 4),
(178, '李晨光', '130720207', '130720207', 4),
(179, '应姿', '130830129', '130830129', 4),
(180, '李超', '140210211', '140210211', 4),
(181, '徐伟伦', '140210224', '140210224', 4),
(182, '赵真', '140210229', '140210229', 4),
(183, '房浩', '140210304', '140210304', 4),
(184, '曲歌', '140210318', '140210318', 4),
(185, '陈云泽', '140220103', '140220103', 4),
(186, '杨书望', '140220124', '140220124', 4),
(187, '史书慧', '140220316', '140220316', 4),
(188, '王锟', '140220318', '140220318', 4),
(189, '简怡琳', '140230208', '140230208', 4),
(190, '郑玮琳', '140230230', '140230230', 4),
(191, '李敏', '140230308', '140230308', 4),
(192, '刘锦', '140240113', '140240113', 4),
(193, '程程', '140240201', '140240201', 4),
(194, '杨强', '140240322', '140240322', 4),
(195, '于千惠', '140250127', '140250127', 4),
(196, '陈德诚', '140250201', '140250201', 4),
(197, '柴亚捷', '140250311', '140250311', 4),
(198, '沈天豪', '140260117', '140260117', 4),
(199, '李一平', '140260214', '140260214', 4),
(200, '张岩', '140260232', '140260232', 4),
(201, '王皓', '140270121', '140270121', 4),
(202, '李煜翔', '130210109', '130210109', 4),
(203, '李煜祥', '130210109', '130210109', 4),
(204, '王逸偲', '130210123', '130210123', 4),
(205, '尹国梁', '130210128', '130210128', 4),
(206, '赵雪\r\n\r\n(女)', '130210129\r\n', '130210129\r\n', 4),
(207, '高爽\r\n(女)', '130210201', '130210201', 4),
(208, '李美琪\r\n(女)', '130210206', '130210206', 4),
(209, '吕圣苗\r\n', '130210210\r\n', '130210210\r\n', 4),
(210, '王旭\r\n', '130210215\r\n', '130210215\r\n', 4),
(211, '庄新瑞\r\n', '130210229\r\n', '130210229\r\n', 4),
(212, '赫亮\r\n', '130210310\r\n', '130210310\r\n', 4),
(213, '樊球', '130210311', '130210311', 4),
(214, '刘璇\r\n(女)', '130220113', '130220113', 4),
(215, '王灿\r\n\r\n(女)', '130220119\r\n', '130220119\r\n', 4),
(216, '杨欣\r\n\r\n(女)', '130220125\r\n', '130220125\r\n', 4),
(217, '陈璐\r\n\r\n(女、满)', '130220201\r\n', '130220201\r\n', 4),
(218, '董磊', '130220203', '130220203', 4),
(219, '韩婷婷\r\n(女)', '130220207', '130220207', 4),
(220, '石泽家\r\n\r\n(女)', '130220217\r\n', '130220217\r\n', 4),
(221, '邹丹音\r\n(女)', '130220228', '130220228', 4),
(222, '宁卓', '130220310', '130220310', 4),
(223, '孙宁\r\n\r\n(女)', '130220315\r\n', '130220315\r\n', 4),
(224, '尉志良\r\n', '130220319\r\n', '130220319\r\n', 4),
(225, '辛宇', '130220320', '130220320', 4),
(226, '查达润', '130230101', '130230101', 4),
(227, '郭琪\r\n(女)', '130230108', '130230108', 4),
(228, '胡天伦', '130230110', '130230110', 4),
(229, '姜鑫\r\n', '130230113\r\n', '130230113\r\n', 4),
(230, '孙义耕\r\n', '130230122\r\n', '130230122\r\n', 4),
(231, '王贺\r\n\r\n(满)', '130230124\r\n', '130230124\r\n', 4),
(232, '李福临\r\n(女)', '130230213', '130230213', 4),
(233, '夏丹妮\r\n(女)', '130230223', '130230223', 4),
(234, '章程程', '130230231', '130230231', 4),
(235, '朱哲晓\r\n', '130230234\r\n', '130230234\r\n', 4),
(236, '李斌兴', '130230312', '130230312', 4),
(237, '刘泮涌', '130230314', '130230314', 4),
(238, '秦沐\r\n', '130230318\r\n', '130230318\r\n', 4),
(239, '王卓', '130230330\r\n', '130230330\r\n', 4),
(240, '胡旭东\r\n', '130240106\r\n', '130240106\r\n', 4),
(241, '李浩然\r\n', '130240108\r\n', '130240108\r\n', 4),
(242, '严露\r\n(女)', '130240124', '130240124', 4),
(243, '杨奉霖', '130240125', '130240125', 4),
(244, '张文硕\r\n(女)', '130240129', '130240129', 4),
(245, '冯源\r\n', '130240204\r\n', '130240204\r\n', 4),
(246, '刘淳\r\n(女)', '130240212', '130240212', 4),
(247, '刘宇晗\r\n\r\n(女)', '130240217\r\n', '130240217\r\n', 4),
(248, '王乙乔\r\n(女)', '130240224', '130240224', 4),
(249, '单云帆', '130240303', '130240303', 4),
(250, '杜宇轩', '130240304', '130240304', 4),
(251, '郭志超', '130240306', '130240306', 4),
(252, '靳睿娜\r\n(女)', '130240308', '130240308', 4),
(253, '任美静\r\n\r\n(女)', '130240315\r\n', '130240315\r\n', 4),
(254, '孙晓婷\r\n(女)', '130240317', '130240317', 4),
(255, '吴文', '130240321', '130240321', 4),
(256, '顾佳倩\r\n(女)', '130250105', '130250105', 4),
(257, '詹晟\r\n\r\n(回)', '130250122\r\n', '130250122\r\n', 4),
(258, '李佳\r\n(女)', '130250209', '130250209', 4),
(259, '刘永乐\r\n', '130250214\r\n', '130250214\r\n', 4),
(260, '白扬\r\n', '130250301\r\n', '130250301\r\n', 4),
(261, '孙洪远', '130250313', '130250313', 4),
(262, '王一鸣', '130250317\r\n', '130250317\r\n', 4),
(263, '高迪\r\n(女)', '130260106', '130260106', 4),
(264, '时振斌', '130260117', '130260117', 4),
(265, '王夕悦\r\n', '130260119\r\n', '130260119\r\n', 4),
(266, '王远刚\r\n', '130260120\r\n', '130260120\r\n', 4),
(267, '姜春蓬\r\n(女)', '130260205', '130260205', 4),
(268, '马月\r\n(女)', '130260214', '130260214', 4),
(269, '王骞\r\n', '130260222\r\n', '130260222\r\n', 4),
(270, '盖宏杰', '130260304', '130260304', 4),
(271, '李强', '130260312', '130260312', 4),
(272, '卢韵丞', '130260315', '130260315', 4),
(273, '马建宁\r\n', '130260316\r\n', '130260316\r\n', 4),
(274, '戴瑞伟', '130270104', '130270104', 4),
(275, '韩学松\r\n', '130270112', '130270112', 4),
(276, '周泽军', '130270143', '130270143', 4),
(277, '李培源\r\n(女)', '130810211', '130810211', 4),
(278, '李玉堂\r\n', '140210112', '140210112', 4),
(279, '纪相存\r\n', '140210210', '140210210', 4),
(280, '王彤\r\n\r\n(女)', '140210321\r\n', '140210321\r\n', 4),
(281, '张晨璐', '140210328', '140210328', 4),
(282, '孟令威\r\n', '140220113\r\n', '140220113\r\n', 4),
(283, '王振宇\r\n', '140220120\r\n', '140220120\r\n', 4),
(284, '侯从正\r\n', '140220205\r\n', '140220205\r\n', 4),
(285, '张磊\r\n', '140220228\r\n', '140220228\r\n', 4),
(286, '高云飞\r\n', '140220304\r\n', '140220304\r\n', 4),
(287, '李萌婕\r\n\r\n(女)', '140220310\r\n', '140220310\r\n', 4),
(288, '张向鑫\r\n', '140220329\r\n', '140220329\r\n', 4),
(289, '王尚峰', '140230120', '140230120', 4),
(290, '张乾\r\n', '140230128\r\n', '140230128\r\n', 4),
(291, '王威\r\n', '140230220\r\n', '140230220\r\n', 4),
(292, '黄帅', '140230306\r\n', '140230306\r\n', 4),
(293, '王森雷\r\n', '140230319', '140230319', 4),
(294, '张桐\r\n\r\n(女)', '140240124', '140240124', 4),
(295, '刘志鹏\r\n', '140240213\r\n', '140240213\r\n', 4),
(296, '苏冬雪\r\n\r\n(女)', '140240214\r\n', '140240214\r\n', 4),
(297, '王豪杰\r\n', '140240217\r\n', '140240217\r\n', 4),
(298, '童逢国', '140240316', '140240316', 4),
(299, '王月娇\r\n(女)', '140250119\r\n', '140250119\r\n', 4),
(300, '徐哲\r\n', '140250123', '140250123', 4),
(301, '李敖\r\n\r\n(女)', '140250211', '140250211', 4),
(302, '王丽丽\r\n\r\n(女)', '140250306\r\n', '140250306\r\n', 4),
(303, '韩明伦\r\n', '140250313\r\n', '140250313\r\n', 4),
(304, '姬东岑', '140250316', '140250316', 4),
(305, '秦屹\r\n', '140250322\r\n', '140250322\r\n', 4),
(306, '廖晓玲\r\n\r\n(女)', '140260110\r\n', '140260110\r\n', 4),
(307, '宋旭彤\r\n', '140260220', '140260220', 4),
(308, '张浩添', '140260230', '140260230', 4),
(309, '聂佳恺\r\n', '140260317\r\n', '140260317\r\n', 4),
(310, '朱婉莹\r\n\r\n\r\n(女)', '140260333\r\n', '140260333\r\n', 4),
(311, '闫龙\r\n', '140270124\r\n', '140270124\r\n', 4),
(312, '田丰龙', '140720119', '140720119', 4),
(313, '王秋童\r', '121110102\r\n', '121110102\r\n', 5),
(314, '邓伟燎\r', '120410109\r\n', '120410109\r\n', 5),
(315, '刘威良\r', '120410327\r\n', '120410327\r\n', 5),
(316, '王楠\r', '120410401\r\n', '120410401\r\n', 5),
(317, '刘江涛\r', '121110127\r\n', '121110127\r\n', 5),
(318, '赵玉坤\r', '121110410\r\n', '121110410\r\n', 5),
(319, '刘亮\r', '121110111\r\n', '121110111\r\n', 5),
(320, '刘林儒\r', '121110431\r\n', '121110431\r\n', 5),
(321, '乔第', '120410225', '120410225', 5),
(322, '许钰堃\r', '121110117\r\n', '121110117\r\n', 5),
(323, '邹博茹\r', '120410404\r\n', '120410404\r\n', 5),
(324, '梁凯文\r', '121110413', '121110413', 5),
(325, '褚菁\r', '121110204\r\n', '121110204\r\n', 5),
(326, '李星晨', '120420217', '120420217', 5),
(327, '陈士海', '121110108', '121110108', 5),
(328, '吕泽竞\r', '121110206\r\n', '121110206\r\n', 5),
(329, '温程元', '121110329', '121110329', 5),
(330, '陈颖萍\r', '120410101', '120410101', 5),
(331, '赵晶晶\r', '120410206', '120410206', 5),
(332, '任星彰', '121110227', '121110227', 5),
(333, '王玮\r', '110510102', '110510102', 5),
(334, '余龙泽', '121110316', '121110316', 5),
(335, '刘若琳\r', '121110101', '121110101', 5),
(336, '傅科达', '121110205', '121110205', 5),
(337, '陈蓉\r', '120410204', '120410204', 5),
(338, '金洋旭\r', '120420204', '120420204', 5),
(339, '宋文欣\r', '120410302', '120410302', 5),
(340, '王恒立', '121110432', '121110432', 5),
(341, '史雪凤\r', '121110401\r\n', '121110401\r\n', 5),
(342, '徐冰冰\r', '120410301\r\n', '120410301\r\n', 5),
(343, '刘少伟\r', '120410316\r\n', '120410316\r\n', 5),
(344, '王梦原\r', '120410102\r\n', '120410102\r\n', 5),
(345, '徐博文\r', '120410208\r\n', '120410208\r\n', 5),
(346, '庞皓文\r', '120410220\r\n', '120410220\r\n', 5),
(347, '刘升\r', '120410410\r\n', '120410410\r\n', 5),
(348, '方依\r', '120420101\r\n', '120420101\r\n', 5),
(349, '沈彬\r', '120420125\r\n', '120420125\r\n', 5),
(350, '梁宇彤\r', '120410305\r\n', '120410305\r\n', 5),
(351, '安娜\r', '120410304\r\n', '120410304\r\n', 5),
(352, '王锡玮\r', '121110106\r\n', '121110106\r\n', 5),
(353, '丁宁\r', '120410105\r\n', '120410105\r\n', 5),
(354, '王还红\r', '120410107\r\n', '120410107\r\n', 5),
(355, '从祥\r', '120410430\r\n', '120410430\r\n', 5),
(356, '杨寒冬\r', '120420130\r\n', '120420130\r\n', 5),
(357, '邹新一\r', '120420133\r\n', '120420133\r\n', 5),
(358, '张宇\r', '121110304', '121110304', 5),
(359, '常效萁\r', '121110429', '121110429', 5),
(360, '王浩然', '121110228', '121110228', 5),
(361, '李克果', '121110411', '121110411', 5),
(362, '雷力琨', '121110126', '121110126', 5),
(363, '刘妍\r', '121110301', '121110301', 5),
(364, '张雪\r', '120420211', '120420211', 5),
(365, '张凯', '121110209', '121110209', 5),
(366, '刘晓燕\r', '121110203', '121110203', 5),
(367, '赵博洋', '120410311', '120410311', 5),
(368, '刘玉辉\r', '121110303', '121110303', 5),
(369, '米师悦\r', '120410405', '120410405', 5),
(370, '王蕾\r', '120420105', '120420105', 5),
(371, '塔蕴喆', '120410227', '120410227', 5),
(372, '李顺', '120410312', '120410312', 5),
(373, '李强', '120410317', '120410317', 5),
(374, '王铖翊', '120420224', '120420224', 5),
(375, '邓真', '120420113', '120420113', 5),
(376, '秦雪莲\r', '120410106', '120410106', 5),
(377, '薛双杰', '120410210', '120410210', 5),
(378, '张海培', '131110529', '131110529', 5),
(379, '倪远东', '130410113\r\n', '130410113\r\n', 5),
(380, '高浩洋', '131110507\r\n', '131110507\r\n', 5),
(381, '李晓颖\r', '131110109\r\n', '131110109\r\n', 5),
(382, '刘中博', '131110315\r\n', '131110315\r\n', 5),
(383, '吴存\r', '130410122\r\n', '130410122\r\n', 5),
(384, '李毛', '131110408\r\n', '131110408\r\n', 5),
(385, '胡金鹏\r', '130410108\r\n', '130410108\r\n', 5),
(386, '张鹏', '130420204', '130420204', 5),
(387, '彭帅\r', '130410214\r\n', '130410214\r\n', 5),
(388, '武秉文\r', '130410218\r\n', '130410218\r\n', 5),
(389, '赵阿美\r', '130410231\r\n', '130410231\r\n', 5),
(390, '叶承钦', '130410222\r\n', '130410222\r\n', 5),
(391, '李思敏\r', '130410312\r\n', '130410312\r\n', 5),
(392, '徐志伟', '130410328\r\n', '130410328\r\n', 5),
(393, '吴仁杰', '130410325\r\n', '130410325\r\n', 5),
(394, '王贺伟', '131110217\r\n', '131110217\r\n', 5),
(395, '陈一卓', '131110303\r\n', '131110303\r\n', 5),
(396, '朱时超\r', '130420226\r\n', '130420226\r\n', 5),
(397, '白云飞\r', '130420221', '130420221', 5),
(398, '刘洋', '131110212\r\n', '131110212\r\n', 5),
(399, '王军伟', '130410323\r\n', '130410323\r\n', 5),
(400, '闫树东', '131110226\r\n', '131110226\r\n', 5),
(401, '岩志彬', '131110323\r\n', '131110323\r\n', 5),
(402, '刘子和\r', '130420114', '130420114', 5),
(403, '张江伟', '130360130', '130360130', 5),
(404, '刘晨\r', '140420223', '140420223', 5),
(405, '赵旭', '131110432', '131110432', 5),
(406, '王琦', '131110121', '131110121', 5),
(407, '陈晨', '130410101', '130410101', 5),
(408, '赵晓妮\r', '130410130', '130410130', 5),
(409, '刘洋', '130410211', '130410211', 5),
(410, '孟权令', '130410212', '130410212', 5),
(411, '张磊蕾\r', '130410226', '130410226', 5),
(412, '孙振超\r', '130410322', '130410322', 5),
(413, '郑安琪\r', '130410332', '130410332', 5),
(414, '胡熙', '130410404', '130410404', 5),
(415, '赵喆\r', '130410428', '130410428', 5),
(416, '王欣', '130420121', '130420121', 5),
(417, '王紫琪\r', '130420122', '130420122', 5),
(418, '黄彦乔', '130420202', '130420202', 5),
(419, '赵志慧\r', '130420218', '130420218', 5),
(420, '鲁倪佳\r', '130420227', '130420227', 5),
(421, '马帅', '131110115', '131110115', 5),
(422, '汪柳萍\r', '131110119', '131110119', 5),
(423, '吴佳明', '131110123', '131110123', 5),
(424, '郭睿', '131110206', '131110206', 5),
(425, '魏侨池', '131110224', '131110224', 5),
(426, '曹晨晖', '131110301', '131110301', 5),
(427, '赵奇隆', '131110331', '131110331', 5),
(428, '李勇', '131110409', '131110409', 5),
(429, '杨琳\r', '131110421', '131110421', 5),
(430, '张小龙', '131110428', '131110428', 5),
(431, '陈昱宇', '131110502', '131110502', 5),
(432, '司贤栋', '131110517', '131110517', 5),
(433, '张志斌', '131110532', '131110532', 5),
(434, '赵藤腾', '100410324', '100410324', 5),
(435, '程亚楠\r\n', '080410219\r\n', '080410219\r\n', 5),
(436, '王楷', '101110112', '101110112', 5),
(437, '马云云\r', '101110301', '101110301', 5),
(438, '刘阳', '101110321', '101110321', 5),
(439, '傅春乐', '101110417', '101110417', 5),
(440, '吴可心\r', '100410103', '100410103', 5),
(441, '王靖云', '100410118', '100410118', 5),
(442, '王锐\r', '100410206', '100410206', 5),
(443, '黎斌', '100410210', '100410210', 5),
(444, '钱斌\r', '100410309', '100410309', 5),
(445, '解维崇', '100410320', '100410320', 5),
(446, '许春娇\r', '13S130057', '13S130057', 5),
(447, '崔晓飞', '100410519', '100410519', 5),
(448, '孙晨添', '14S030100', '14S030100', 5),
(449, '王德玉', '100210317', '100210317', 5),
(450, '张斯\r', '14S130059', '14S130059', 5),
(451, '王宁\r', '14S130069', '14S130069', 5),
(452, '孟宪文', '14S130052', '14S130052', 5),
(453, '靳龙龙', '140410125', '140410125', 5),
(454, '赵伊然\r', '140410205', '140410205', 5),
(455, '张宏雅\r', '140410304', '140410304', 5),
(456, '吴永林', '140410419', '140410419', 5),
(457, '王续武\r', '140420111', '140420111', 5),
(458, '姬忠义', '140420128', '140420128', 5),
(459, '刘开宇', '141110424', '141110424', 5),
(460, '刘道兴', '151110512', '151110512', 5),
(461, '苗建光', '140420118', '140420118', 5),
(462, '邵明顺', '14S030102', '14S030102', 5),
(463, '卜云飞\r', '15S030095', '15S030095', 5),
(464, '马艳辉\r', '15S130248', '15S130248', 5),
(465, '张中一', '15S030103', '15S030103', 5),
(466, '周光凯\r', '13S130073', '13S130073', 5),
(467, '吴昊\r', '15S130252', '15S130252', 5),
(468, '王瑶\r', '15S030101', '15S030101', 5),
(469, '李国如\r', '15S130243', '15S130243', 5),
(470, '张昭\r', '15S030093', '15S030093', 5),
(471, '贾凌宇\r', '15S130242', '15S130242', 5),
(472, '马鸣啸\r', '15S130247', '15S130247', 5),
(473, '张颖\r', '15S030092', '15S030092', 5),
(474, '王凯馨\r', '15S030098', '15S030098', 5),
(475, '王琪\r', '15S030099', '15S030099', 5),
(476, '王欣欣\r', '15S030100', '15S030100', 5),
(477, '侯鑫美\r', '15S130238', '15S130238', 5),
(478, '胡艺\r', '15S130240', '15S130240', 5),
(479, '贾红红', '15S130241', '15S130241', 5),
(480, '刘井强', '15S130245', '15S130245', 5),
(481, '卢佳星\r', '15S130246', '15S130246', 5),
(482, '宁宇', '15S130249', '15S130249', 5),
(483, '谢娇娇\r', '15S130254', '15S130254', 5),
(484, '张文龙\r', '15S130255', '15S130255', 5),
(485, '杨  凯', '130720126', '130720126', 6),
(486, '石志远', '130750120', '130750120', 6),
(487, '陈远航', '130810103', '130810103', 6),
(488, '陈  曦', '130820103', '130820103', 6),
(489, '陈旭阳', '130820104', '130820104', 6),
(490, '胡新宇', '130820109', '130820109', 6),
(491, '李昊岳', '130820112', '130820112', 6),
(492, '王  博', '130820120', '130820120', 6),
(493, '吴程皞', '130820122', '130820122', 6),
(494, '刘福运', '130820210', '130820210', 6),
(495, '周永东', '130820230', '130820230', 6),
(496, '韩金城', '131320108', '131320108', 6),
(497, '郝晓靖', '130830104', '130830104', 6),
(498, '胡子卓', '130830105', '130830105', 6),
(499, '李  辉', '130830110', '130830110', 6),
(500, '梁  磊', '130830116', '130830116', 6),
(501, '邓永蝶', '130830201', '130830201', 6),
(502, '佟兴宇', '130840116', '130840116', 6),
(503, '王建强', '130840117', '130840117', 6),
(504, '王  喆', '130840119', '130840119', 6),
(505, '刘  丹', '130810212', '130810212', 6),
(506, '王旭刚', '130810318', '130810318', 6),
(507, '张玉卓', '130810325', '130810325', 6),
(508, '薛博育', '130720125', '130720125', 6),
(509, '赵立栋', '130810126', '130810126', 6),
(510, '田寅丰', '130810116', '130810116', 6),
(511, '解文龙', '130810207', '130810207', 6),
(512, '赵家乐', '130810125', '130810125', 6),
(513, '陈雪敏', '130810201', '130810201', 6),
(514, '许晓强', '130810222', '130810222', 6),
(515, '徐莉莉', '130810321', '130810321', 6),
(516, '刘冬雪', '130810309', '130810309', 6),
(517, '朱  亮', '130750226', '130750226', 6),
(518, '高  霖', '130840103', '130840103', 6),
(519, '王  恒', '130810119', '130810119', 6),
(520, '蒋让文', '130810206', '130810206', 6),
(521, '魏玮', '130810320', '130810320', 6),
(522, '吴赜成', '130820123', '130820123', 6),
(523, '马典', '140810222', '140810222', 6),
(524, '李昕儒', '140810303', '140810303', 6),
(525, '王淑婷', '140810306', '140810306', 6),
(526, '付文迪', '140810315', '140810315', 6),
(527, '赵瑞', '140810332', '140810332', 6),
(528, '王永鹏', '140820119', '140820119', 6),
(529, '吕洋', '140820218', '140820218', 6),
(530, '张凯平', '140820230', '140820230', 6),
(531, '孟瑞', '140830204', '140830204', 6),
(532, '杨亚楠', '140830206', '140830206', 6),
(533, '王斌', '140830225', '140830225', 6),
(534, '郭庆坦', '150820126', '150820126', 6),
(535, '刘星昊', '131210214', '131210214', 7),
(536, '高华硕', '131210205', '131210205', 7),
(537, '侯伟杰', '120510229', '120510229', 7),
(538, '赵占飞', '131210328', '131210328', 7),
(539, '张哲', '131210226', '131210226', 7),
(540, '张鑫', '130840125', '130840125', 7),
(541, '吴迪', '130720221', '130720221', 7),
(542, '王乐', '131210123', '131210123', 7),
(543, '孙铭', '131210318', '131210318', 7),
(544, '邱枫', '131210118', '131210118', 7),
(545, '唐子轶', '131210319', '131210319', 7),
(546, '王书玉', '131210124', '131210124', 7),
(547, '严鑫', '131210126', '131210126', 7),
(548, '周广通', '131210329', '131210329', 7),
(549, '刘丽丽', '121210205', '121210205', 7),
(550, '王秀凯', '130750121', '130750121', 7),
(551, '张家瑞', '130810324', '130810324', 7),
(552, '李坤', '141210318', '141210318', 7),
(553, '王博艺', '141210120', '141210120', 7),
(554, '宋明明', '141210103', '141210103', 7),
(555, '刘立磊', '141210214', '141210214', 7),
(556, '李胜', '141210213', '141210213', 7),
(557, '周长皓', '141210335', '141210335', 7),
(558, '蒋啸博', '141210414', '141210414', 7),
(559, '董博文', '141210310', '141210310', 7),
(560, '王刚', '130610318', '130610318', 7),
(561, '马强', '140610118', '140610118', 7),
(562, '王焕政', '120610306', '120610306', 7),
(563, '张亿锋', '140610228', '140610228', 7),
(564, '张亚群', '130610228', '130610228', 7),
(565, '翟文婕', '130610326', '130610326', 7),
(566, '徐春红', '140610224', '140610224', 7),
(567, '王瑞松', '140610123', '140610123', 7),
(568, '周焕超', '130610230', '130610230', 7),
(569, '冯良霄', '130610303', '130610303', 7),
(570, '张友强', '130610229', '130610229', 7),
(571, '纪云峰', '130610306', '130610306', 7),
(572, '孟令雪', '130610313', '130610313', 7),
(573, '李鹏程', '130610308', '130610308', 7),
(574, '孔庆明', '130610106', '130610106', 7),
(575, '王广帅', '140610322', '140610322', 7),
(576, '贾红飞', '140610311', '140610311', 7),
(577, '温兴男', '130610323', '130610323', 7),
(578, '张璐', '131020122', '131020122', 7),
(579, '杜康', '131020204', '131020204', 7),
(580, '刘庆', '141020203', '141020203', 7),
(581, '马欣', '130510113', '130510113', 7),
(582, '王晨', '131020115', '131020115', 7),
(583, '王宽宽', '131020216', '131020216', 7),
(584, '李林', '131020106', '131020106', 7),
(585, '刘祥', '131020109', '131020109', 7),
(586, '肖哲珊', '131020219', '131020219', 7),
(587, '江闽伟', '131020208', '131020208', 7),
(588, '刘天宇', '131020209', '131020209', 7),
(589, '曹坤健', '14B911007', '14B911007', 7),
(590, '刘杰', '140610116', '140610116', 7),
(591, '许颖正', '140610226', '140610226', 7),
(592, '陈鹏', '140610209', '140610209', 7),
(593, '刘丹', '140610316', '140610316', 7),
(594, '王琦', '140610205', '140610205', 7),
(595, '钱凡', '140610318', '140610318', 7),
(596, '那明烨', '140610119', '140610119', 7),
(597, '赵帆', '131210228', '131210228', 7),
(598, '韩康', '131210305', '131210305', 7),
(599, '李天娇', '141210101', '141210101', 7),
(600, '孙华彬', '141210402', '141210402', 7),
(601, '孙嵩泰', '141210428', '141210428', 7),
(602, '陈飞', '131210201', '131210201', 7),
(603, '王宇彤', '141210204', '141210204', 7),
(604, '杜博士', '141210106', '141210106', 7),
(605, '张瑞瑄', '141110505', '141110505', 7),
(606, '程洪玉', '141020110', '141020110', 7),
(607, '毛宇', '141020117', '141020117', 7),
(608, '毛敏慧', '131020211', '131020211', 7),
(609, '冯佳楠', '141020211', '141020211', 7),
(610, '宋晓晗', '130310118', '130310118', 8),
(611, '殷焱艳', '130320131', '130320131', 8),
(612, '周懂懂', '140360130', '140360130', 8),
(613, '李怡', '140310115', '140310115', 8),
(614, '张季菲', '140350112', '140350112', 8),
(615, '王家琪', '140330123', '140330123', 8),
(616, '王义', '140340116', '140340116', 8),
(617, '黄炬煌', '140320104', '140320104', 8),
(618, '唐宇婷', '140320109', '140320109', 8),
(619, '李怡', '140310115', '140310115', 8),
(620, '李若非', '130520104', '130520104', 8),
(621, '徐星雨', '140360108', '140360108', 8),
(622, '郝广义', '140330220', '140330220', 8),
(623, '苏晓棉', '130310119', '130310119', 8),
(624, '谢佳娉', '130310122', '130310122', 8),
(625, '李金宸', '130340110', '130340110', 8),
(626, '于瑞蕾', '130340108', '130340108', 8),
(627, '洪烨', '130340125', '130340125', 8),
(628, '徐露', '130350123', '130350123', 8),
(629, '全奎宇', '130350113', '130350113', 8),
(630, '赵海涛', '130350130', '130350130', 8),
(631, '郭丽', '120510115', '120510115', 8),
(632, '吕化磊', '130330207', '130330207', 8),
(633, '刘丹', '130330111', '130330111', 8),
(634, '乔雨', '130330210', '130330210', 8),
(635, '章乃荣', '130330126', '130330126', 8),
(636, '赵玺英', '130330127', '130330127', 8),
(637, '段熙魁', '130360103', '130360103', 8),
(638, '贺存阁', '130360105', '130360105', 8),
(639, '崔敬', '130320103', '130320103', 8),
(640, '吴诗墨', '120240322', '120240322', 8),
(641, '周彤彤', '130360134', '130360134', 8),
(642, '杨杰', '130360128', '130360128', 8),
(643, '李熙', '130520105', '130520105', 9),
(644, '谢瑞丰', '130510123', '130510123', 9),
(645, '杨淇淇', '130520116', '130520116', 9),
(646, '吴璠', '130510121', '130510121', 9),
(647, '胡娇', '130510106', '130510106', 9),
(648, '陈雅娴', '130510103', '130510103', 9),
(649, '徐琪玮', '130520115', '130520115', 9),
(650, '张添越', '130510130', '130510130', 9),
(651, '肖赛赛', '130520114', '130520114', 9),
(652, '于亦璇', '130520118', '130520118', 9),
(653, '张冰源', '140510127', '140510127', 9),
(654, '李佳音', '140510111', '140510111', 9),
(655, '尹思雨', '140520110', '140520110', 9),
(656, '霍丹萍', '141420104', '141420104', 9),
(657, '徐莉', '141420114', '141420114', 9),
(658, '李梓菡', '141420106', '141420106', 9),
(659, '李晗', '140510110', '140510110', 9),
(660, '李晓玲', '0301001', '0301001', 2),
(661, '马梅荣', '0700006', '0700006', 2),
(662, '朱美丽', '9915005', '9915005', 2),
(663, '岳静', '9914002', '9914002', 2),
(664, '刘利军', '0300020', '0300020', 2),
(665, '曹竞', '0700021', '0700021', 2),
(666, '张春云', '0700018', '0700018', 2),
(667, '张治洲', '0700051', '0700051', 2),
(668, '阚光锋', '0700029', '0700029', 2),
(669, '王晓飞', '0700032', '0700032', 2),
(670, '王全富', '0700034', '0700034', 2),
(671, '高秀君', '0702006', '0702006', 2),
(672, '王光玉', '0702007', '0702007', 2),
(673, '陈雷', '0702004', '0702004', 2),
(674, '郭长禄', '0700019', '0700019', 2),
(675, '陈国福', '0700040', '0700040', 2),
(676, '解秋菊', '0702005', '0702005', 2),
(677, '黄明湖', '0700020', '0700020', 2),
(678, '于元春', '0703006', '0703006', 2),
(679, '马金凤', '0700062', '0700062', 2),
(680, '张宇', '0700009', '0700009', 2),
(681, '迟明磊', '0700011', '0700011', 2),
(682, '刘德丽', '0700003', '0700003', 2),
(683, '张天云', '0700001', '0700001', 2),
(684, '高鹏', '0703005', '0703005', 2),
(685, '桑付明', '0700039', '0700039', 2),
(686, '刘海萍', '0700044', '0700044', 2),
(687, '王珊珊', '0700056', '0700056', 2),
(688, '韩家军', '0703002', '0703002', 2),
(689, '吴彦超', '0700058', '0700058', 2),
(690, '王凯', '0700031', '0700031', 2),
(691, '徐仲', '0702002', '0702002', 2),
(692, '李惠静', '0700057', '0700057', 2),
(693, '柳锋', '0700038', '0700038', 2),
(694, '张大伟', '0701001', '0701001', 2),
(695, '谭海丽', '0700060', '0700060', 2),
(696, '池振兴', '0700061', '0700061', 2),
(697, '李之鹏', '0700066', '0700066', 2),
(698, '孙睿', '0700068', '0700068', 2),
(699, '李娜', '0700706', '0700706', 2),
(700, '毕红梅', '0200004', '0200004', 4),
(701, '蔡春伟', '0200020', '0200020', 4),
(702, '蔡景蕾', '0200017', '0200017', 4),
(703, '陈玉敏', '0201009', '0201009', 4),
(704, '丛薇', '9916010', '9916010', 4),
(705, '崔子浩', '0200037', '0200037', 4),
(706, '邓立宝', '0200085', '0200085', 4),
(707, '董学励', '0901006', '0901006', 4),
(708, '杜海', '0200029', '0200029', 4),
(709, '冯乃章', '0200059', '0200059', 4),
(710, '付石友', '9901005', '9901005', 4),
(711, '郝秀娟', '0200044', '0200044', 4),
(712, '胡屏', '0200010', '0200010', 4),
(713, '胡颜冬', '0200704', '0200704', 4),
(714, '金涛', '0200072', '0200072', 4),
(715, '金玉锦', '9901012', '9901012', 4),
(716, '井岩', '0200012', '0200012', 4),
(717, '康文静', '0200056', '0200056', 4),
(718, '赖春露', '0200092', '0200092', 4),
(719, '李爱华', '0200028', '0200028', 4),
(720, '李博', '0200089', '0200089', 4),
(721, '李剑锋', '0200063', '0200063', 4),
(722, '林连山', '0200011', '0200011', 4),
(723, '刘芳', '0201008', '0201008', 4),
(724, '刘健', '9908003', '9908003', 4),
(725, '刘爱军', '0901004', '0901004', 4),
(726, '刘功亮', '0200053', '0200053', 4),
(727, '刘志勇', '0200074', '0200074', 4),
(728, '麻志滨', '0200055', '0200055', 4),
(729, '马家辰', '9901009', '9901009', 4),
(730, '马立勇', '0200026', '0200026', 4),
(731, '马秀娟', '0200009', '0200009', 4),
(732, '马子龙', '9906005', '9906005', 4),
(733, '齐晓辉', '0902002', '0902002', 4),
(734, '邱晓娜', '0200066', '0200066', 4),
(735, '曲延滨', '0200032', '0200032', 4),
(736, '任秀云', '0200030', '0200030', 4),
(737, '师雄达', '0100015', '0100015', 4),
(738, '宋佳', '0200005', '0200005', 4),
(739, '宋立众', '0901005', '0901005', 4),
(740, '孙剑飞', '0201005', '0201005', 4),
(741, '孙明健', '0200035', '0200035', 4),
(742, '孙玉德', '0903001', '0903001', 4),
(743, '孙正鼐', '9905003', '9905003', 4),
(744, '王静', '0200061', '0200061', 4),
(745, '王军', '0200047', '0200047', 4),
(746, '王翥', '0202001', '0202001', 4),
(747, '王晨旭', '0200014', '0200014', 4),
(748, '王瑞玲', '0400004', '0400004', 4),
(749, '王新生', '0201001', '0201001', 4),
(750, '王秀红', '0200043', '0200043', 4),
(751, '王永玲', '0200064', '0200064', 4),
(752, '徐慧', '0200013', '0200013', 4),
(753, '杨洪娟', '0200090', '0200090', 4),
(754, '于长军', '9906004', '9906004', 4),
(755, '张虹', '0202003', '0202003', 4),
(756, '张扬', '0201007', '0201007', 4),
(757, '张云凯', '0200702', '0200702', 4),
(758, '赵占锋', '0200051', '0200051', 4),
(759, '周洪娟', '0200023', '0200023', 4),
(760, '周志权', '0902003', '0902003', 4),
(761, '姚统', '0200095', '0200095', 4),
(762, '曹丙霞', '0200077', '0200077', 4),
(763, '高蕾', '0200081', '0200081', 4),
(764, '李莉', '0200070', '0200070', 4),
(765, '罗清华', '0200084', '0200084', 4),
(766, '邵春涛', '0200068', '0200068', 4),
(767, '宋蕙慧', '0300079', '0300079', 4),
(768, '宋玉', '0200032', '0200032', 4),
(769, '吴世华', '0200075', '0200075', 4),
(770, '谢玮', '0200082', '0200082', 4),
(771, '焉晓贞', '0200087', '0200087', 4),
(772, '闫锋刚', '0200091', '0200091', 4),
(773, '庄宇飞', '0200080', '0200080', 4),
(774, '刘占勋', '0501005', '0501005', 9),
(775, '黄宇洁', '0501007', '0501007', 9),
(776, '滕严', '0501081', '0501081', 9),
(777, '刘奕', '0501050', '0501050', 9),
(778, '苗勇刚', '0501065', '0501065', 9),
(779, '王军平', '0501061', '0501061', 9),
(780, '曲伟', '0501016', '0501016', 9),
(781, '孟宇', '0501017', '0501017', 9),
(782, '王丹', '0501021', '0501021', 9),
(783, '于园', '0501023', '0501023', 9),
(784, '苏敏', '0501052', '0501052', 9),
(785, '刘玉楼', '0501057', '0501057', 9),
(786, '李小洁', '0501048', '0501048', 9),
(787, '丛晓芳', '0501063', '0501063', 9),
(788, '姜翔宇', '0501080', '0501080', 9),
(789, '李贤伟', '0501008', '0501008', 9),
(790, '卜玉伟', '0501013', '0501013', 9),
(791, '王鑫', '0501028', '0501028', 9),
(792, '鞠囡囡', '0501045', '0501045', 9),
(793, '秦艳', '0501037', '0501037', 9),
(794, '马鑫', '0501033', '0501033', 9),
(795, '贾宇萍', '0501064', '0501064', 9),
(796, '齐桂芹', '0501029', '0501029', 9),
(797, '刘晓莉', '0501035', '0501035', 9),
(798, '张学伟', '0501026', '0501026', 9),
(799, '金娇玲', '0501043', '0501043', 9),
(800, '黄明子', '0501042', '0501042', 9),
(801, '刘玮', '0300049', '0300049', 9),
(802, '杨东霞', '9903001', '9903001', 9),
(803, '李新', '9902002', '9902002', 9),
(804, '刘倩', '0501084', '0501084', 9),
(805, '周佳良', '0501701', '0501701', 9),
(806, '叶欢', '9919005', '9919005', 9),
(807, '于萍', '0300052', '0300052', 8),
(808, '王勇', '0301003', '0301003', 8),
(809, '李宝家', '0601004', '0601004', 8),
(810, '郭宝林', '0303004', '0303004', 8),
(811, '史建锋', '0300011', '0300011', 8),
(812, '王继东', '0302003', '0302003', 8),
(813, '杨慧力', '0302005', '0302005', 8),
(814, '尹肖妮', '0302006', '0302006', 8),
(815, '张为民', '0303003', '0303003', 8),
(816, '刘琼', '0300058', '0300058', 8),
(817, '张华', '0301010', '0301010', 8),
(818, '李辉', '0300033', '0300033', 8),
(819, '高鹏斌', '0300038', '0300038', 8),
(820, '石红波', '0300055', '0300055', 8),
(821, '杨美荣', '0300046', '0300046', 8),
(822, '柳玉鹏', '0300061', '0300061', 8),
(823, '何青松', '0300050', '0300050', 8),
(824, '田园', '9907006', '9907006', 8),
(825, '曲世友', '0300057', '0300057', 8),
(826, '王嵩', '0300063', '0300063', 8),
(827, '陈效农', '9909009', '9909009', 8),
(828, '王闻', '0300067', '0300067', 8),
(829, '韩茹', '0300066', '0300066', 8),
(830, '高仕宁', '0601011', '0601011', 8),
(831, '林静', '100330508', '100330508', 8),
(832, '韩东平', '0300065', '0300065', 8),
(833, '周作伟', '0300060', '0300060', 8),
(834, '肖玲诺', '0300048', '0300048', 8),
(835, '冯英涛', '9916003', '9916003', 14),
(836, '张宗虎', '9916002', '9916002', 14),
(837, '刘金松', '9916005', '9916005', 14),
(838, '左国雄', '9916007', '9916007', 14),
(839, '田甜', '9916009', '9916009', 14),
(840, '刘桂荣', '9916011', '9916011', 14),
(841, '杨秋玲', '9910003', '9910003', 14),
(842, '钱忠', '0400018', '0400018', 14),
(843, '刘国丹', 'CJ0002', 'CJ0002', 14),
(844, '孟繁一', 'CJ017', 'CJ017', 14),
(845, '张君华', 'CJ021', 'CJ021', 14),
(846, '林建秋', '0401012', '0401012', 10),
(847, '高庆节', '9811002', '9811002', 10),
(848, '迟春霞', '1000030', '1000030', 10),
(849, '费  非', '0501046', '0501046', 10),
(850, '裴新军', '9907004', '9907004', 10),
(851, '连  丽', '9911012', '9911012', 10),
(852, '袁广龙', '9910009', '9910009', 10),
(853, '宋环宇', '9912006', '9912006', 10),
(854, '邹志强', '9805001', '9805001', 10),
(855, '张  省', '9802005', '9802005', 10),
(856, '蓝孝山', '9812001', '9812001', 10),
(857, '王志强', '9805002', '9805002', 10),
(858, '汪  明', '0800005', '0800005', 10),
(859, '丛爱娟', '9903008', '9903008', 10),
(860, '邹文江', '9913505', '9913505', 10),
(861, '于晓波', '9803001', '9803001', 10),
(862, '王  军', '9811001', '9811001', 10),
(863, '王红志', '9814004', '9814004', 10),
(864, '牟祥琪', '9911009', '9911009', 10),
(865, '袁伟芝', '9920002', '9920002', 10),
(866, '邹齐红', '9913005', '9913005', 10),
(867, '赵运海', '9815002', '9815002', 10),
(868, '张  冰', '9907014', '9907014', 10),
(869, '丛  成', '9814001', '9814001', 10),
(870, '战新晓', '9911007', '9911007', 10),
(871, '郎涵光', '9907016', '9907016', 10),
(872, '刘  伟', '9812002', '9812002', 10),
(873, '杜琳琳', 'hq154', 'hq154', 10),
(874, '孙婷婷', 'hq002', 'hq002', 10),
(875, '王  勃', 'hq801', 'hq801', 10),
(876, '张  燕', 'hq171', 'hq171', 10),
(877, '张安光', 'hq802', 'hq802', 10),
(878, '徐家堂', 'hq803', 'hq803', 10),
(879, '张进国', '0101003', '0101003', 7),
(880, '钱宏亮', '1210001', '1210001', 7),
(881, '徐龙军', '0102046', '0102046', 7),
(882, '陈再现', '0102057', '0102057', 7),
(883, '唐海红', '1210005', '1210005', 7),
(884, '赵庆丽', '1210006', '1210006', 7),
(885, '曾森', '1210008', '1210008', 7),
(886, '陈国芳', '1210009', '1210009', 7),
(887, '苏乃乾', '9909010', '9909010', 7),
(888, '王化杰', '1210012', '1210012', 7),
(889, '刘璐', '1210013', '1210013', 7),
(890, '旺敏玲', '1210014', '1210014', 7),
(891, '张鸿名', '1210015', '1210015', 7),
(892, '唐琳', '1210016', '1210016', 7),
(893, '王承鑫', '1210017', '1210017', 7),
(894, '王江波', '111210206', '111210206', 7),
(895, '粟本龙', '1210018', '1210018', 7),
(896, '李福梅', '0602008', '0602008', 7),
(897, '邹巾英', '0601006', '0601006', 7),
(898, '金承日', '0601002', '0601002', 7),
(899, '张宪君', '0602003', '0602003', 7),
(900, '孙毅韬', '0409002', '0409002', 7),
(901, '范德军', '0602009', '0602009', 7),
(902, '于战华', '0601010', '0601010', 7),
(903, '王黎明', '0602014', '0602014', 7),
(904, '王雪臣', '0601009', '0601009', 7),
(905, '史磊', '0602015', '0602015', 7),
(906, '胡永河', '9903009', '9903009', 7),
(907, '杨薇', '0700036', '0700036', 7),
(908, '吴开宁', '0602021', '0602021', 7),
(909, '考永贵', '0602022', '0602022', 7),
(910, '苏欢', '0602027', '0602027', 7),
(911, '李文学', '0602026', '0602026', 7),
(912, '姜薇', '0602029', '0602029', 7),
(913, '秦泗甜', '0602030', '0602030', 7),
(914, '于佳佳', '0602031', '0602031', 7),
(915, '丁德琼', '0602032', '0602032', 7),
(916, '陈姗姗', '1000045', '1000045', 7),
(917, '马强', '0602033', '0602033', 7),
(918, '毛井', '0602035', '0602035', 7),
(919, '邹晓玲', '0602036', '0602036', 7),
(920, '牛犇', '1000050', '1000050', 7),
(921, '张毅', '9909004', '9909004', 7),
(922, '郭冠军', '1000034', '1000034', 7),
(923, '韩艳华', '1000041', '1000041', 7),
(924, '焦威严', '1000007', '1000007', 7),
(925, '李华军', '1000011', '1000011', 7),
(926, '李岩', '1000043', '1000043', 7),
(927, '李艳华', '1000024', '1000024', 7),
(928, '毛晓芹', '1000022', '1000022', 7),
(929, '潘玉寨', '1000032', '1000032', 7),
(930, '曲士良', '1000005', '1000005', 7),
(931, '任守田', '1000003', '1000003', 7),
(932, '孙正和', '1000025', '1000025', 7),
(933, '张晶', '1000013', '1000013', 7),
(934, '邹德巧', '1000046', '1000046', 7),
(935, '徐慧华', '1000044', '1000044', 7),
(936, '赵淑坤', '1000049', '1000049', 7),
(937, '刘一', '1000051', '1000051', 7),
(938, '卢美华', '0300002', '0300002', 11),
(939, '张运所', '0300004', '0300004', 11),
(940, '张爽', '0300015', '0300015', 11),
(941, '刘晓莉', '0300034', '0300034', 11),
(942, '薛爽', '0300036', '0300036', 11),
(943, '高岩', '0300044', '0300044', 11),
(944, '吕彩云', '0300051', '0300051', 11),
(945, '李曰强', '0501083', '0501083', 11),
(946, '刘枫', '9903002', '9903002', 11),
(947, '乔畅', '9905009', '9905009', 11),
(948, '李淑侠', '1000001', '1000001', 6),
(949, '李焕然', '0800002', '0800002', 6),
(950, '张家芬', '0800009', '0800009', 6),
(951, '吴剑谦', '0800006', '0800006', 6),
(952, '孙江燕', '0800047', '0800047', 6),
(953, '慈艳艳', '0800054', '0800054', 6),
(954, '张鹏', '0800026', '0800026', 6),
(955, '王卫卫', '0801001', '0801001', 6),
(956, '初冠南', '0102059', '0102059', 6),
(957, '于洋', '0800030', '0800030', 6),
(958, '林艳丽', '0800053', '0800053', 6),
(959, '姚圣杰', '0800034', '0800034', 6),
(960, '孙金平', '0800011', '0800011', 6),
(961, '陈刚（小）', '0800048', '0800048', 6),
(962, '陈文振', '0800052', '0800052', 6),
(963, '王传杰', '0800056', '0800056', 6),
(964, '韩飞', '0801002', '0801002', 6),
(965, '冯吉才', '9901023', '9901023', 6),
(966, '赵洪运', '0800015', '0800015', 6),
(967, '周利', '0800032', '0800032', 6),
(968, '王廷', '0800041', '0800041', 6),
(969, '孙清洁', '0102063', '0102063', 6),
(970, '张洪涛', '0800027', '0800027', 6),
(971, '郭宁', '0800046', '0800046', 6),
(972, '刘多', '0800037', '0800037', 6),
(973, '檀财旺', '0800059', '0800059', 6),
(974, '舒凤远', '0800065', '0800065', 6),
(975, '梁刚', '9913004', '9913004', 6),
(976, '吴欣', '0803003', '0803003', 6),
(977, '陈刚（大）', '0800024', '0800024', 6),
(978, '钟博', '0800036', '0800036', 6),
(979, '熊丽', '0800012', '0800012', 6),
(980, '张涛', '0800043', '0800043', 6),
(981, '王华涛', '0800038', '0800038', 6),
(982, '李宇杰', '0800035', '0800035', 6),
(983, '王春雨', '0800025', '0800025', 6),
(984, '李卓霖', '0800062', '0800062', 6),
(985, '雷玉珍', '0800057', '0800057', 6),
(986, '胡胜鹏', '0800063', '0800063', 6),
(987, '宋晓国', '0800040', '0800040', 6),
(988, '贾彬彬', '0800003', '0800003', 6),
(989, '于静泊', '0800023', '0800023', 6),
(990, '刘发', '0800055', '0800055', 6),
(991, '杨海峰', '0800060', '0800060', 6),
(992, '李占富', '0807002', '0807002', 6),
(993, '周志强', '0807005', '0807005', 6),
(994, '侯少军', '08LS019', '08LS019', 6),
(995, '王美荣', '0800042', '0800042', 6),
(996, '张颖', '9905002', '9905002', 1),
(997, '徐宁', '0102020', '0102020', 1),
(998, '丁进成', '0102013', '0102013', 1),
(999, '王丽平', '0102017', '0102017', 1),
(1000, '杨斌久', '0102021', '0102021', 1),
(1001, '赵建文', '0102035', '0102035', 1),
(1002, '王瑞', '0102036', '0102036', 1),
(1003, '毕晓毅', '0100010', '0100010', 1),
(1004, '金鑫', '0100016', '0100016', 1),
(1005, '姜晶', '0100007', '0100007', 1),
(1006, '段庆十', '0100014', '0100014', 1),
(1007, '王冬生', '0101010', '0101010', 1),
(1008, '刘海芳', '0100006', '0100006', 1),
(1009, '贾宝贤', '0101008', '0101008', 1),
(1010, '吴健', '0102067', '0102067', 1),
(1011, '姜雪', '0101013', '0101013', 1),
(1012, '赵玉春', '0100004', '0100004', 1),
(1013, '梅蕾', '0102069', '0102069', 1),
(1014, '隋海瑞', '0100019', '0100019', 1),
(1015, '黄博', '0102006', '0102006', 1),
(1016, '桂洪斌', '0102049', '0102049', 1),
(1017, '于昌利', '0102045', '0102045', 1),
(1018, '鲁国春', '0102055', '0102055', 1),
(1019, '刘亚欣', '0102060', '0102060', 1),
(1020, '钟鸣', '0102065', '0102065', 1),
(1021, '游斌弟', '0102070', '0102070', 1),
(1022, '白争锋', '0102073', '0102073', 1),
(1023, '付旭云', '0102068', '0102068', 1),
(1024, '张永健', '0102078', '0102078', 1),
(1025, '钟诗胜', '9901022', '9901022', 1),
(1026, '姚玉峰', '0101012', '0101012', 1),
(1027, '谭军华', '0300010', '0300010', 1),
(1028, '王岩', '9915006', '9915006', 1),
(1029, '李江超', '1300709', '1300709', 1),
(1030, '任熙华', '0102015', '0102015', 1),
(1031, '鞠晓群', '1310003', '1310003', 1),
(1032, '陈占阳', '1310004', '1310004', 1),
(1033, '从立新', '0700045', '0700045', 1),
(1034, '王琳', '1310007', '1310007', 1),
(1035, '于东', '1310009', '1310009', 1),
(1036, '佟艳华', '2000001', '2000001', 12),
(1037, '包建勋', '2000002', '2000002', 12),
(1038, '付强', '2000003', '2000003', 12),
(1039, '孙静', '2000004', '2000004', 12),
(1040, '刘冬梅', '2000009', '2000009', 12),
(1041, '梁胜利', '2000011', '2000011', 12),
(1042, '郭树涛', '2000012', '2000012', 12),
(1043, '陈栎圯', '2000013', '2000013', 12),
(1044, '贾连堃', '2000015', '2000015', 12),
(1045, '杨勇', '2000016', '2000016', 12),
(1046, '董振宇', '2000019', '2000019', 12),
(1047, '戚俊娣', '2000020', '2000020', 12),
(1048, '王强', '2000021', '2000021', 12),
(1049, '周文福', '2000022', '2000022', 12),
(1050, '徐玉婷', '2000023', '2000023', 12),
(1051, '张晓秋', '2000024', '2000024', 12),
(1052, '崔鑫', '2000025', '2000025', 12),
(1053, '毕剑峰', '2000026', '2000026', 12),
(1054, '毕永兴', '0800020', '0800020', 12),
(1055, '罗念宁', '0104005', '0104005', 3),
(1056, '谷方德', '9913003', '9913003', 3),
(1057, '王剑锋', '0102011', '0102011', 3),
(1058, '张冠哲', '0102018', '0102018', 3),
(1059, '胡婷', '0102088', '0102088', 3),
(1060, '张京明', '0102003', '0102003', 3),
(1061, '王大方', '0102009', '0102009', 3),
(1062, '于华波', '0104002', '0104002', 3),
(1063, '马琮淦', '0102090', '0102090', 3),
(1064, '任殿波', '0102048', '0102048', 3),
(1065, '王权', '0102047', '0102047', 3),
(1066, '崔智全', '0100023', '0100023', 3),
(1067, '杨娜', '0102029', '0102029', 3),
(1068, '张兆营', '0102027', '0102027', 3),
(1069, '张继春', '0103005', '0103005', 3),
(1070, '于秋红', '0103003', '0103003', 3),
(1071, '王富强', '0102087', '0102087', 3),
(1072, '王成安', '0102081', '0102081', 3),
(1073, '孙梦琦', '0102014', '0102014', 3),
(1074, '沈义涛', '0102089', '0102089', 3),
(1075, '刘树义', '0102012', '0102012', 3),
(1076, '冷军强', '0104004', '0104004', 3),
(1077, '郝晓文', '0102041', '0102041', 3),
(1078, '马岳', '0102703', '0102703', 3),
(1079, '胡俊生', '0700037', '0700037', 3),
(1080, '赵立军', '0102007', '0102007', 3),
(1081, '王彦岩', '9915001', '9915001', 3),
(1082, '刘清河', '0102008', '0102008', 3),
(1083, '岳彩领', '0400003', '0400003', 3),
(1084, '邓平平', '9907008', '9907008', 3),
(1085, '胡萍', '9907013', '9907013', 3),
(1086, '杨建国', '0103002', '0103002', 3),
(1087, '李时伟', '9909006', '9909006', 3),
(1088, '宋翌铎', '0102058', '0102058', 3),
(1089, '刘逸群', '0102091', '0102091', 3),
(1090, '戴永谦', '0102028', '0102028', 3),
(1091, '常红霞', '9902003', '9902003', 5),
(1092, '初佃辉', '0401002', '0401002', 5),
(1093, '王佰玲', '0400034', '0400034', 5),
(1094, '黄蕊', '0100020', '0100020', 5),
(1095, '王建亭', '0300043', '0300043', 5),
(1096, '王佳浚', '0400038', '0400038', 5),
(1097, '王冠群', '0400713', '0400713', 5),
(1098, '张策', '0400019', '0400019', 5),
(1099, '华栋', '0401009', '0401009', 5),
(1100, '何燕平', '0401008', '0401008', 5),
(1101, '张兆心', '0400029', '0400029', 5),
(1102, '董开坤', '0400030', '0400030', 5),
(1103, '佟晓筠', '0402003', '0402003', 5),
(1104, '迟乐军', '1100002', '1100002', 5),
(1105, '周广禄', '0400010', '0400010', 5),
(1106, '殷亚静', '0400720', '0400720', 5),
(1107, '郑宏珍', '0400017', '0400017', 5),
(1108, '张维刚', '0400020', '0400020', 5),
(1109, '张小东', '0401022', '0401022', 5),
(1110, '谷松林', '0300056', '0300056', 5),
(1111, '郭皞岩', '0401004', '0401004', 5),
(1112, '李春山', '0400042', '0400042', 5),
(1113, '孙鑫', '0400044', '0400044', 5),
(1114, '王巍', '0400021', '0400021', 5),
(1115, '王伟', '0400005', '0400005', 5),
(1116, '闫健恩', '0400013', '0400013', 5),
(1117, '张华', '0400008', '0400008', 5),
(1118, '张盛平', '0400039', '0400039', 5),
(1119, '韩希先', '1100021', '1100021', 5),
(1120, '夏勇', '1100015', '1100015', 5),
(1121, '丁建睿', '1100005', '1100005', 5),
(1122, '何清刚', '1100013', '1100013', 5),
(1123, '白雪峰', '9916006', '9916006', 5),
(1124, '朴学锋', '1100020', '1100020', 5),
(1125, '王大顺', '1100019', '1100019', 5),
(1126, '张少太', '9901007', '9901007', 15),
(1127, '郭跃峰', '9913001', '9913001', 15),
(1128, '张军平', '9901017', '9901017', 15),
(1129, '李  光', '1100009', '1100009', 15),
(1130, '王玉婷', '9901016', '9901016', 15),
(1131, '邱惠妍', '9903007', '9903007', 15),
(1132, '钱  恺', '9901025', '9901025', 15),
(1133, '苏  克', '9901028', '9901028', 15),
(1134, '姜志荣', '9901LS011', '9901LS011', 15),
(1135, '王建文', '9901004', '9901004', 15),
(1136, '李美杰', '9910001', '9910001', 15),
(1137, '张  领', '9901015', '9901015', 15),
(1138, '尹顺达', '9904003', '9904003', 15),
(1139, '周文静', '9904006', '9904006', 15),
(1140, '姜　波', '9901024', '9901024', 15),
(1141, '黄美香', '9917001', '9917001', 15),
(1142, '季振兴', '9903006', '9903006', 15),
(1143, '赵　婷', '0700010', '0700010', 15),
(1144, '于庆革', '9905005', '9905005', 15),
(1145, '莫宇宏', '9909008', '9909008', 15),
(1146, '张景珍', '9804004', '9804004', 15),
(1147, '赵常信', '9913007', '9913007', 15),
(1148, '张玉芹', '9903003', '9903003', 15),
(1149, '隗海燕', '9903004', '9903004', 15),
(1150, '李志强', '9903005', '9903005', 15),
(1151, '谭璇月', '9904005', '9904005', 15),
(1152, '丁效华', '0601005', '0601005', 15),
(1153, '张华强', '0200003', '0200003', 15),
(1154, '方汉南', '0300042', '0300042', 15),
(1155, '徐  彤', '9905004', '9905004', 15),
(1156, '胡桂珍', '9905501', '9905501', 15),
(1157, '毛凤虎', '9907011', '9907011', 15),
(1158, '张振宇', '9905008', '9905008', 15),
(1159, '孟姝君', '9905007', '9905007', 15),
(1160, '时誉玮', '0300053', '0300053', 15),
(1161, '张永君', '0500039', '0500039', 15),
(1162, '周  滈', '9905012', '9905012', 15),
(1163, '韩  玉', '9905013', '9905013', 15),
(1164, '何  辉', '0401007', '0401007', 15),
(1165, '王孝朋', '0401017', '0401017', 15),
(1166, '赵国亮', '9907002', '9907002', 15),
(1167, '马海鹰', '0301007', '0301007', 15),
(1168, '刘  群', '9915004', '9915004', 15),
(1169, '吴  琼', '0100021', '0100021', 15),
(1170, '杨俊敏', '0100018', '0100018', 15),
(1171, '李  磊', '0602016', '0602016', 15),
(1172, '谢芳琳', '0200016', '0200016', 15),
(1173, '孙滨捷', '9804001', '9804001', 15),
(1174, '张  宁', '9907010', '9907010', 15),
(1175, '刘天然', '9907021', '9907021', 15),
(1176, '李西齐', '0700701', '0700701', 15),
(1177, '宋  鹏', '100140424', '100140424', 15),
(1178, '杨国华', '9910007', '9910007', 15),
(1179, '岳玉柱', '9910006', '9910006', 15),
(1180, '杨国柱', '9910002', '9910002', 15),
(1181, '刘爱实', '9910005', '9910005', 15),
(1182, '宋淑玲', '9911006', '9911006', 15),
(1183, '林  娜', '9910011', '9910011', 15),
(1184, '许  鹏', '9910012', '9910012', 15),
(1185, '王大永', '9910013', '9910013', 15),
(1186, '李文革', '9911003', '9911003', 15),
(1187, '贾广田', '9907003', '9907003', 15),
(1188, '张惠玲', '9912002', '9912002', 15),
(1189, '魏  文', '9912009', '9912009', 15),
(1190, '左  旭', '9912011', '9912011', 15),
(1191, ' 张文丛 ', '0803002', '0803002', 15),
(1192, '石景卉', '9906007', '9906007', 15),
(1193, '刘玉平', '9905006', '9905006', 15),
(1194, '吴  潇 ', '2100002', '2100002', 15),
(1195, '刘少杰', '9906011', '9906011', 15),
(1196, '邢成波', '9908001', '9908001', 15),
(1197, '董凌云', 'sdyj014', 'sdyj014', 15),
(1198, '咸丰刚', '0102025', '0102025', 15),
(1199, '郭小靓', '0400027', '0400027', 15),
(1200, '崔忠斌', '9909002', '9909002', 15),
(1201, '张桂芳', '9909014', '9909014', 15),
(1202, '龙斐斐', '9909013', '9909013', 15),
(1203, '孟令宏', '0300037', '0300037', 15),
(1204, '崔令江', '9905001', '9905001', 15),
(1205, '李明玉', '9901013', '9901013', 15),
(1206, '刘春竹', '9802001', '9802001', 15),
(1207, '于  芳', '9917014', '9917014', 15),
(1208, '刘占辉', '9917002', '9917002', 15),
(1209, '孙占萍', '9917010', '9917010', 15),
(1210, '刘  然', '9917006', '9917006', 15),
(1211, '陈立章', '9918004', '9918004', 15),
(1212, '李荣添', '9917020', '9917020', 15),
(1213, '赵龙刚', '9917021', '9917021', 15),
(1214, '宋晓丽', '9810001', '9810001', 15),
(1215, '胡廷俊', '9919002', '9919002', 15),
(1216, '郭  栗', '9918006', '9918006', 15),
(1217, '田兰兰', '9901026', '9901026', 15),
(1218, '张晓苗', '9917027', '9917027', 15),
(1219, '佘欣媛', '9917028', '9917028', 15),
(1220, '孙春歌', '9917503', '9917503', 15),
(1221, '张步先', '9907001', '9907001', 15),
(1222, '杨易林', '9908002', '9908002', 15),
(1223, '宋寒冰', '9907017', '9907017', 15),
(1224, '魏  冉', '9908004', '9908004', 15),
(1225, '毕卫华', '0300026', '0300026', 15),
(1226, '郭卫华', '9919007', '9919007', 15),
(1227, '初允绵', '9601001', '9601001', 13),
(1228, '王启平', '9601002', '9601002', 13),
(1229, '彭锡鸿', '9601003', '9601003', 13),
(1230, '朱法义', '9601004', '9601004', 13),
(1231, '庞  滔', '9601005', '9601005', 13),
(1232, '于永德', '9601006', '9601006', 13),
(1233, '黄  净', '9601007', '9601007', 13),
(1234, '高连炳', '9601008', '9601008', 13),
(1235, '顾云飞', '9601009', '9601009', 13);
INSERT INTO `dx_party` (`id`, `username`, `partyid`, `password`, `institute`) VALUES
(1236, '金  光', '9601033', '9601033', 13),
(1237, '张宝书', '9601013', '9601013', 13),
(1238, '成美芳', '9601015', '9601015', 13),
(1239, '毕永祥', '9601017', '9601017', 13),
(1240, '梁君学', '9601018', '9601018', 13),
(1241, '王永富', '9601019', '9601019', 13),
(1242, '霍彬茹', '9601021', '9601021', 13),
(1243, '张桂荣', '9601027', '9601027', 13),
(1244, '王业滨', '9601030', '9601030', 13),
(1245, '杨向明', '9601031', '9601031', 13),
(1246, '杨  奎 ', '9802004', '9802004', 13),
(1247, '乔  彦', '9804008', '9804008', 13),
(1248, '李铁桥', '0202002', '0202002', 13),
(1249, '张桂兰', '9901011', '9901011', 13),
(1250, '王桂芹', '9804003', '9804003', 13),
(1251, '范忠信', '0200002', '0200002', 13),
(1252, '黄平星', '9902001', '9902001', 13),
(1253, '陈文义', '9904001', '9904001', 13),
(1254, '李晓波', '9916008', '9916008', 13),
(1255, '姚连成', '9810002', '9810002', 13),
(1256, '曹贵玉', '9813001', '9813001', 13),
(1257, '崔明根', '0601001', '0601001', 13),
(1258, '高学敏', '9901006', '9901006', 13),
(1259, '吴国有', '0501011', '0501011', 13),
(1260, '李政权', '9815001', '9815001', 13),
(1261, '陈仁奎', '9814005', '9814005', 13),
(1262, '杨晓萍', '0501030', '0501030', 13),
(1263, '韩哲', '0501001', '0501001', 13),
(1264, '魏方贵', '9601032', '9601032', 13),
(1265, '郑国云', '0501014', '0501014', 13),
(1266, '周玉生', '9916001', '9916001', 13),
(1267, '董淑英', '9911001', '9911001', 13),
(1268, '孙志杰', '0800001', '0800001', 13),
(1269, '姜吉林', '9912005', '9912005', 13),
(1270, '乔晓林', '9901002', '9901002', 13),
(1271, '张晋格', '0201002', '0201002', 13),
(1272, '张秀珍', '0200001', '0200001', 13),
(1273, '赵淑清 ', '0200050', '0200050', 13),
(1274, '王杰', '0302001', '0302001', 13),
(1275, '孙彦', '9904002', '9904002', 13),
(1276, '孙玉山', '1100003', '1100003', 13),
(1277, '朱东华', '0101001', '0101001', 13),
(1278, '梁景凯', '9901003', '9901003', 13),
(1279, '胡永俊', 'WY023', 'WY023', 13);

-- --------------------------------------------------------

--
-- Table structure for table `dx_questions`
--

CREATE TABLE IF NOT EXISTS `dx_questions` (
  `q_id` int(11) NOT NULL,
  `q_content` text CHARACTER SET utf8 COLLATE utf8_unicode_ci NOT NULL,
  `q_answer` text NOT NULL,
  `q_cor_answer` int(3) NOT NULL,
  `q_parser` text NOT NULL
) ENGINE=InnoDB AUTO_INCREMENT=228 DEFAULT CHARSET=utf8;

--
-- Dumping data for table `dx_questions`
--

INSERT INTO `dx_questions` (`q_id`, `q_content`, `q_answer`, `q_cor_answer`, `q_parser`) VALUES
(1, '“两学一做”学习教育的具体内容是', 'A.学党章党规、学系列讲话、做合格党员；#B.学党章党纪、学系列讲话、做合格党员；#C.学党纪党规、学系列讲话、做合格党员', 1, '“两学一做”是指：学党章党规、学系列讲话、做合格党员'),
(2, '“两学一做”学习教育对象是', 'A.面向全社会人民 #B.面向全体党员 #C.面向基层党员 #D.面向广大党员', 2, '“两学一做”学习教育对象是面向全体党员'),
(3, '“两学一做”开展时间是', 'A.2015年 #B.2014 #C.2016年 #D.2013年', 3, '“两学一做”开展时间是2016'),
(4, '做合格党员应做到“四讲四有”,是指：', 'A.讲政治、有信念， 讲规矩、有纪律， 讲道德、有品行， 讲奉献、有担当。#B.讲政治、有信仰， 讲规矩、有纪律， 讲道德、有素养 ，讲奉献、有作为。#C.讲政治、有理想，讲规矩、有纪律， 讲道德、有品行， 讲奉献、有担当。#D.讲政治、有信念， 讲规矩、有纪律， 讲道德、有品行， 讲奉献、有作为。', 4, '“四讲四有”是指：讲政治、有信念， 讲规矩、有纪律， 讲道德、有品行， 讲奉献、有作为。'),
(5, '“两学一做”学习教育(  )活动。', 'A.是一次 #B.是全年 #C.不是一次 #D.是半年', 3, '“两学一做”学习教育不是一次活动，是面向全体党员深化党内教育的重要实践,是推动党内教育从“关键少数”向广大党员拓展、从集中性教育向经常性教育延伸的重要举措。'),
(6, '开展学习教育的基本要求是', 'A.坚持教育先行，把严思想“关口”;坚持问题导向，找准存在“问题”;坚持立行立改，筑牢行动“根基”;坚持宣传引导，选树先进“典型”。#B.进一步坚定理想信念，提高党性觉悟;进一步增强政治意识、大局意识、核心意识、看齐意识，坚定正确政治方向;进一步树立清风正气，严守政治纪律政治规矩;进一步强化宗旨观念，勇于担当作为，在生产、工作、学习和社会生活中起先锋模范作用。', 2, '“两学一做”教育活动的基本要求是：进一步坚定理想信念，提高党性觉悟;进一步增强政治意识、大局意识、核心意识、看齐意识，坚定正确政治方向;进一步树立清风正气，严守政治纪律政治规矩;进一步强化宗旨观念，勇于担当作为，在生产、工作、学习和社会生活中起先锋模范作用。'),
(7, '“两学一做”学习教育中要做到“五个坚持', 'A.坚持把领导干部带头贯穿始终;坚持把思想政治建设贯穿始终;坚持把查摆解决问题贯穿始终;坚持把建强基层组织贯穿始终;坚持把两手抓两促进贯穿始终。#B.坚持正面教育为主，用科学理论武装头脑。坚持学用结合，知行合一。坚持问题导向，注重实效。坚持领导带头，以上率下。坚持从实际出发，分类指导。', 2, '“两学一做”要做到：坚持正面教育为主，用科学理论武装头脑。坚持学用结合，知行合一。坚持问题导向，注重实效。坚持领导带头，以上率下。坚持从实际出发，分类指导。'),
(8, '科学发展观是发展中国特色社会主义必须坚持和贯彻的（）', 'A.基本国策 #B.指导思想 #C.根本方针 #D.基本标准', 2, '科学发展观是发展中国特色社会主义必须坚持和贯彻的指导思想。'),
(9, ' ( )是我们党执政兴国的第一要务', 'A.发展 #B.改革 #C.开发 #D.稳定', 1, '发展是我们党执政兴国的第一要务'),
(10, '坚定理想信念，坚守共产党人精神追求,抓好(  )是核心。', 'A.思想理论建设 #B.党性教育 #C.道德建设 #D.廉洁自律', 2, '坚定理想信念，坚守共产党人精神追求，抓好党性教育是核心。'),
(11, '在新的历史条件下，我们党面临着执政、改革开放、(  )、外部环境“四大考验”。', 'A.商品经济 #B.内部环境 #C.市场经济 #D.执政能力', 3, '新的历史条件下，我们党面临着四大考验分别是：执政考验、改革开放考验、市场经济考验、外部环境考验'),
(12, '全面提高党的建设科学化水平，全党要增强紧迫感和责任感，牢牢把握的主线是(  )', 'A.加强党的执政能力建设；#B.加强先进性和纯洁性建设；#C，.加强党的执政能力建设、先进性和纯洁性建设', 3, '全面提高党的建设的科学化水平，必须牢牢把握的主线是：党的执政能力建设、先进性和纯洁性建设。'),
(13, '不断提高党的领导水平和执政水平、提高(  )能力，是党巩固执政地位、实现执政使命必须解决好的重大课题。', 'A.依法执政和民主执政 #B.科学发展 #C.拒腐防变和抵御风险 #D.治国理政', 3, '不断提高党的领导水平和执政水平、提高拒腐防变和抵御风险的能力，是党巩固执政地位、实现执政使命必须解决好的重大课题。'),
(14, '对马克思主义的信仰，对社会主义和共产主义的信念，是共产党人的(  )。', 'A.政治灵魂 #B.精神支柱 #C.政治底线 #D.道德底线', 1, '对马克思主义的信仰，对社会主义和共产主义的信念，是共产党人的政治灵魂。'),
(15, '为人民服务是党的根本宗旨，以人为本、(  )是检验党一切执政活动的最高标准。', 'A.执政为民 #B.依靠人民 #C.加快发展 #D.造福于民', 1, '为人民服务是党的根本宗旨，以人为本、执政为民是检验党一切执政活动的最高标准。'),
(16, '党内(  )是党的生命。', 'A.监督 #B.纪律 #C.民主 #D.原则', 3, '党内民主是党的生命。'),
(17, '“两学一做”针对的现实问题是(  )。', 'A.着力解决一些党员思想薄弱的问题；#B.着力解决一些党员党的意识不强的问题；#C.着力解决一些党员宗旨观念不明确的问题；#D.着力解决一些党员精神不振的问题', 4, '“两学一做”针对的现实问题是着力解决一些党员精神不振的问题。'),
(18, '“三个代表”重要思想是对马克思列宁主义、毛泽东思想、邓小平理论的继承和发展，反映了当代世界和中国的发展变化对党和国家工作的新要求，是加强和改进党的建设，推进(  )的强大理论武器，是中国共产党集体智慧的结晶，是党必须长期坚持的指导思想。', 'A、我国社会主义自我完善和发展#B、社会主义现代化建设#C、改革开放#D、依法治国', 1, ''),
(19, '党组织领导机构集体作出违犯党纪的决定或者实施其他违犯党纪的行为，对具有共同故意的成员，可以按共同违纪处理。', 'A.正确 #B.错误', 1, '根据《中国共产党纪律处分条例》第二十八条，党组织领导机构集体作出违犯党纪的决定或者实施其他违犯党纪的行为，对具有共同故意的成员，按（共同违纪处理）；而对过失违纪的成员，按照（各自在集体违纪中所起的作用和应负的责任分别处分）。'),
(20, '《党章》规定，凡是成立党的新组织，或是撤销党的原有组织，必须由( )决定。', 'A、上级党组织#B、上级党委和政府#C、党中央#D、上级党组织和纪委', 1, ''),
(21, '非公有制经济组织中党的基层组织，贯彻党的方针政策，( )企业遵守四家的法律法规，领导工会、共青团等群众组织，团结凝聚职工群众，维护各方的合法权益，促进企业健康发展。', 'A、引导和监督#B、领导和监督#C、服务和引导#D、指导和督促', 1, ''),
(22, '小刚认为，哈工大规格是由教师队伍质量的提高来实现的。', 'A.正确 #B.错误', 2, '规格在某种程度上可以理解为培养人才的标准，哈工大规格则要求哈工大成为有中国特色的世界一流大学。“哈工大规格”背后是学生学习能力的增强，教师队伍科研成果质量的提高，以及更加科学人性化的管理制度，严格的执行力和细致的规章制度。所以说，哈工大规格的实现并不是一个人，一个队伍，一个方面来实现的，而是需要多方面的努力。'),
(23, '预备党员认真履行党员义务，具备党员条件的，应当按期转为正式党员;需要继续考察和教育的，可以延长预备期，但不能超过( )。', 'A、半年#B、一年#C、一年半#D、两年', 2, ''),
(24, '党的基层委员会每届任期三年至五年，总支部委员会、支部委员会每届任期( )。', 'A、一年或两年#B、两年或三年#C、三年或四年#D、三年或五年', 2, ''),
(25, '党的领导主要是 ( )的领导。', ' A、政治、思想和组织#B、政治、经济和文化#C、政治、经济和外交#D、政治、经济和国防', 1, ''),
(26, '对党的中央委员会和地方各级委员会的委员、候补委员，给以撤销党内职务、留党察看成开除党籍的处分，必须由本人所在的委员会全体会议( )决定。', ' A、二分之一以上的多数#B、三分之二以上的多数#C、绝大多数#D、四分之一以上的多数', 2, ''),
(27, '民主集中制是民主基础上的集中和集中指导下的民主相结合。它既是党的( )，也是群众路线在党的生活中的运用。', ' A、根本领导原则#B、根本管理原则#C、根本组织原则#D、根本工作原则', 3, ''),
(28, '党章规定，党员必须履行的义务有( ) 条。', 'A、6#B、7#C、8#D、9', 3, ''),
(29, '党的领导机关可以从全局出发，直接作出有关下级组织的重要决定。', 'A.正确  #B.错误', 2, '党的各级领导机关，对同下级组织有关的重要问题作出决定时，在通常情况下，要征求下级组织的意见。要保证下级组织能够正常行使他们的职权。凡属应由下级组织处理的问题，如无特殊情况，上级领导机关不要干预。'),
(30, '共青团的地方各级组织受______委员会领导，同时受共青团上级组织领导。', 'A、同级团的 #B、同级党的 #C、同级政府的 #D、上级党的', 2, '中国共产主义青年团是中国共产党领导的先进青年的群众组织，是广大青年在实践中学习中国特色社会主义和共产主义的学校，是党的助手和后备军。共青团中央委员会受党中央委员会领导。共青团的地方各级组织受同级党的委员会领导，同时受共青团上级组织领导。'),
(31, '党章规定，党员享有的权利有( )条。', 'A、6#B、7#C、8#D、9', 3, ''),
(32, '加强社会主义核心价值体系建设，坚持马克思主义指导思想，树立中国特色社会主义共同理想，弘扬以（ ）为核心的民族精神，以( )为核心的时代精神。', '    A、改革创新 爱国主义#B、爱国主义 改革创新#C、爱国主义 改革发展#D、爱国主义 科学发展', 2, ''),
(33, '中央委员会认为有必要，或者( )以上的省一级组织提出要求，全国代表大会可以提前举行。', '    A、三分之一\n　　#B、三分之二\n　　#C、二分之一\n　　#D、四分之三', 1, ''),
(34, '科学发展观的根本方法是( ) 。', '    A、统筹兼顾\n　　#B、全面协调可持续\n　　#C、以人为本\n　　#D、求真务实', 1, ''),
(35, '( )是中国特色社会主义的本质属性。', '    A、改革开放\n　　#B、公平正义\n　　#C、和平发展\n　　#D、社会和谐', 4, ''),
(36, ' ( )是中国特色社会主义的根本原则。', '    A、共同富裕\n　　#B、和平发展\n　　#C、自由平等\n　　#D、民主法治', 1, ''),
(37, '以( )为中心是我们的兴国之要。', '    A、经济建设\n　　#B、政治建设\n　　#C、文化建设\n　　#D、社会建设', 1, ''),
(38, '党的十八大报告提出，要加快形成( )相结合的社会管理机制。', 'A、源头治理、动态管理、风险处理\n#B、源头治理、动态管理、应急处置\n#C、源头预防、动态管理、应急处置\n#D、源头治理、综合管理、应急处置', 2, ''),
(39, '为适应国防建设的需要，中国人民解放军总政治部要求东部战区某部队增设建制、扩充兵员。', 'A.正确  #B.错误', 2, '《党章》第二十三条规定，中央军事委员会的政治工作机关是中国人民解放军总政治部，总政治部负责管理军队中党的工作和政治工作。增设建制、扩充兵员与总政治部的职能无关，有越权之嫌。'),
(40, '党的各级委员会几年以来未对选拔的团干部展开培训。', 'A.正确  #B.错误', 2, '党章第50条规定党的各级委员会要加强对共青团的领导，注意团干部的选拔和培训。'),
(41, '张先生入党四年，被选为自治区委员会委员。', 'A.正确  #B.错误', 2, '党的自治区委员会委员必须有五年以上党龄。'),
(42, '党的各级委员会几年以来未对选拔的团干部展开培训。', 'A.正确  #B.错误', 2, '党章第50条规定党的各级委员会要加强对共青团的领导，注意团干部的选拔和培训。'),
(43, '《中国共产党廉洁自律准则》对全体党员和各级党员领导干部提出了( )的总要求。', '    A、“三个必须”\n　　#B、“四个必须”\n　　#C、“五个必须”\n　　#D、“八个必须”', 2, ''),
(44, '《中国共产党廉洁自律准则》除导语外，还分为两部分：一是党员廉洁自律规范;二是( )', '    A、领导廉洁从政规范\n　　#B、领导干部廉洁自律规范\n　　#C、党员领导干部廉洁自律规范\n　　#D、全体干部廉洁自律规范"', 3, ''),
(45, '《中国共产党廉洁自律准则》要求党员领导干部廉洁用权，____', '    A、自觉维护人民根本利益\n　　#B、自觉保持人民公仆本色\n　　#C、自觉提升思想道德境界\n　　#D、自觉带头树立良好家风', 1, ''),
(46, '《中国共产党纪律处分条例》指出（ ）是根本的党内法规，是管党治党的总规矩。', '    A 、党章\n　　#B 、中国共产党纪律处分条例\n　　#C、中国共产党廉洁自律准则\n　　#D、宪法', 1, ''),
(47, '《中国共产党廉洁自律准则》要求党员领导干部( ),自觉保持人民公仆本色。', '    A、廉洁用权\n　　#B、廉洁从政\n　　#C、廉洁修身\n　　#D、廉洁奉公', 2, ''),
(48, '《中国共产党纪律处分条例》规定，党的各级代表大会的代表受到( )处分的，党组织应当终止其代表资格。', '    A、党内警告以上\n　　#B、党内严重警告以上\n　　#C、留党察看以上(含留党察看)\n　　#D、撤销党内职务以上', 3, ''),
(49, '党员由于违纪行为受到严重警告处分，但是该党员主动检举同案人，他可以免予党纪处分。', 'A.正确 #B.错误', 1, '按照《条例》第二十三条规定对于党员违犯党纪应当给予警告或者严重警告处分，但是具有本条例第二十一条规定的情形之一或者本条例分则中另有规定的，可以给予批评教育或者组织处理，免予党纪处分。对违纪党员免予处分，应当作出书面结论。所以他可能会受到批评教育或者组织处理，免于党纪处分，但应做出书面结论。'),
(50, '《行政机关公务员处分条例》规定，对地方各级人民代表大会及其常务委员会选举或者决定任命的地方各级人民政府领导人员给予处分，由 ﹍﹍﹍人民政府决定。', '    A、本级人民政府\n#B、上一级人民政府\n#C、地方各级人民代表大会\n#D、地方各级人民代表大会常务委员会', 2, ''),
(51, '《行政机关公务员处分条例》规定，行政机关公务员受处分的期间为：﹍﹍﹍。', 'A、警告3个月、记过6个月、记大过 9个月、降级、撤职12个月\n#B、警告3个月、记过6个月、记大过9个月、降级、撤职18个月\n#C、警告6个月、记过9个月、记大过12个月、降级、撤职18个月\n#D、警告6个月、记过12个月、记大过18个月、降级、撤职24个月\n', 4, ''),
(52, '《行政机关公务员处分条例》规定，对地方各级人民政府工作部门正职领导人员给予处分，由﹍﹍﹍决定。', '    A、本级人民政府\n　　#B、上一级人民政府\n　　#C、本级监察机关\n　　#D、上级监察机关"\n   ', 1, ''),
(53, '根据《行政机关公务员处分条例》，解除降级、撤职处分，﹍﹍。', '    A、不视为恢复原级别、原职务。\n#B、视为恢复原级别。\n#C、视为恢复原职务。\n#D、不视为恢复原职务，但视为恢复原级别', 1, ''),
(54, '2015年修订的《中国共产党廉洁自律准则》和《中国共产党纪律处分条例》是对﹍﹍﹍﹍﹍﹍的具体化。', '    A、习总书记讲话精神\n　　#B、党章规定\n　　#C、十八大精神\n　　#D、十八届三中全会精神', 2, ''),
(55, '党的全国代表会议的职权是（ ）；调整和增选中央委员会、中央纪律检查委员会的部分成员。', 'A、讨论和决定重大问题  #B、选举国家领导人 #C、对省部级领导的任命', 1, '根据党章第二十条，党的全国代表会议的职权是讨论和决定重大问题；调整和增选中央委员会、中央纪律检查委员会的部分成员。'),
(56, '党中央要重视党的建设，研究党内外的思想政治状况，地方和基层组织只需要完成党中央指定的工作政策。', 'A.正确  #B.错误', 2, '党的中央、地方和基层组织，都必须重视党的建设，经常讨论和检查党的宣传工作、教育工作、组织工作、纪律检查工作、群众工作、统一战线工作等，注意研究党内外的思想政治状况。'),
(57, '《中国共产党纪律处分条例》规定，利用职权或者职务上的影响，违反有关规定占用公物归个人使用，时间超过﹍﹍，情节较重的，给予警告或者严重警告处分;情节严重的，给予撤销党内职务处分。', '    A 、三个月\n　　#B 、六个月\n　　#C、 一年\n　　#D、 两年', 2, ''),
(58, '《中国共产党廉洁自律准则》要求党员领导干部﹍﹍﹍，自觉带头树立良好家风。', '    A、公私分明\n　　#B、廉洁齐家\n　　#C、廉洁从政\n　　#D、从严治党', 2, ''),
(59, '《中国共产党纪律处分条例》规定，受到改组处理的党组织领导机构成员除应受到﹍﹍﹍以上处分外，均自然免职。', 'A、严重警告\n#B、撤销党内职务(含撤销党内职务)\n#C、留党察看\n#D、开除党籍', 2, ''),
(60, '《中国共产党纪律处分条例》规定，组织、参加会道门或者邪教组织的，对策划者、组织者和骨干分子，给予﹍﹍﹍处分。', '    A、严重警告\n　　#B、撤销党内职务\n　　#C、留党察看\n　　#D、开除党籍', 4, ''),
(61, '《中国共产党纪律处分条例》规定，违反民主集中制原则，拒不执行或者擅自改变党组织作出的重大决定，或者违反议事规则，个人或者少数人决定重大事项，情节严重的，给予﹍﹍处分。', '　  A、警告或者严重警告\n　　#B、严重警告或者撤销党内职务\n　　#C、撤销党内职务或者留党察看\n　　#D、留党察看或者开除党籍', 3, ''),
(62, '根据《中国共产党纪律处分条例》，实施党纪处分,应当按照规定程序经党组织集体讨论决定,不允许任何个人或者少数人决定和批准。上级党组织对违犯党纪的党组织和党员作出的处理决定,下级党组织必须执行。以上表述概括的是下列那一项原则?', '    A、党员在党纪面前人人平等原则\n　　#B、实事求是原则\n　　#C、党要管党、从严治党原则\n　　#D、民主集中制原则"', 4, ''),
(63, '《中国共产党纪律处分条例》规定，在干部选拔任用工作中，违反干部选拔任用规定的，追究﹍﹍﹍的责任，并视情节轻重给予相应党纪处分。', '    A、重要领导责任者\n　　#B、直接责任者\n　　#C、主要领导责任者\n　　#D、直接责任者和领导责任者', 4, ''),
(64, '《中国共产党纪律处分条例》规定，在国(境)外、外国驻华使(领)馆申请政治避难，或者违纪违法后逃往国(境)外、外国驻华使(领)馆的，给予﹍﹍﹍处分。', '    A、严重警告\n　　#B、撤销党内职务\n　　#C、留党察看\n　　#D、开除党籍', 4, ''),
(65, '根据《中国共产党纪律处分条例》，在特殊时期或者紧急状况下，拒不执行党组织决定的，给予﹍﹍﹍。', '    A、通报批评\n#B、警告或者严重警告\n#C、撤销党内职务或者留党察看\n#D、留党察看或者开除党籍', 4, ''),
(66, '《中国共产党纪律处分条例》规定，生活奢靡、贪图享乐、追求低级趣味，造成不良影响的，给予警告或者严重警告处分;情节严重的，给予﹍﹍﹍处分。', '    A、开除党籍#B、留党察看#C、撤销党内职务#D、留党察看或开除党籍', 3, ''),
(67, '《中国共产党纪律处分条例》规定，对于应当受到撤销党内职务处分，但是本人没有担任党内职务的，应当给予其﹍﹍处分。', '    A、开除\n#B、警告\n#C、严重警告#D、降级', 3, ''),
(68, '某党员高层干部，在分配住房问题上，利用自己职权之便，私吞住房两套.', 'A.正确 #B.错误', 2, '根据中国共产党廉洁自律准则第七十九条 在分配、购买住房中侵犯国家、集体利益，情节较轻的，给予警告或者严重警告处分；情节较重的，给予撤销党内职务或者留党察看处分；情节严重的，给予开除党籍处分。'),
(69, '某党员高层干部，在视察基层工作时，因为接受基层工作人员的礼物，故意在汇报工作时隐瞒实情', 'A.正确 #B.错误', 2, '根据中国共产党廉洁自律准则第七十四条 党和国家工作人员或者其他从事公务的人员，接受可能影响公正执行公务的礼品馈赠，不登记交公，情节较轻的，给予警告或者严重警告处分；情节较重的，给予撤销党内职务或者留党察看处分；情节严重的，给予开除党籍处分。'),
(70, '《中国共产党纪律处分条例》规定，在考试、录取工作中，有泄露试题、考场舞弊、涂改考卷、违规录取等违反有关规定行为的，给予警告或者严重警告处分;情节较重的，给予撤销党内职务或者﹍﹍﹍处分;情节严重的，给予开除党籍处分。', '    A、开除\n　　#B、警告\n　　#C、留党察看\n　　#D、降级', 3, ''),
(71, '《中国共产党纪律处分条例》规定，违背社会公序良俗，在公共场所有不当行为，造成不良影响的，给予警告或者严重警告处分;情节较重的，给予撤销党内职务或者留党察看处分;情节严重的，给予﹍﹍﹍处分。', '    A、开除\n　　#B.警告\n　　#C.留党察看\n　　#D.开除党籍"', 4, ''),
(72, '习近平总书记在十八届中央纪委六次全会上强调，全面从严治党，核心是加强党的领导，﹍﹍﹍﹍﹍。', 'A、基础在全面，关键在严，要害在治\n#B、基础在严，关键在全面，要害在治\n#C、基础在全面，关键在治，要害在严\n#D、基础在严，关键在治，要害在全面', 1, ''),
(73, '习近平总书记在十八届中央纪委五次全会上强调，﹍﹍是成文的规矩，一些未明文列入纪律的规矩是不成文的纪律;﹍﹍﹍是刚性的规矩，一些未明文列入纪律的规矩是自我约束的纪律。', '    A、道德 纪律\n　　#B、道德 规则\n　　#C、纪律 纪律\n　　#D、政策 道德', 3, ''),
(74, '经过一段时间的观察，党组织发现李科长做事干练妥当，能独当一面，有条有理地办好分内繁杂事务。组织中有人提议提拔李科长，但受到部分党员干部的反对，理由是李科长不是党员，没有资格被提拔。', 'A.正确  #B.错误', 2, '《中国共产党章程》第三十五条规定：党的各级组织要善于发现和推荐有真才实学的党外干部担任领导工作，保证他们有职有权，充分发挥他们的作用。'),
(75, '中国共产党党旗为旗面缀有金黄色国徽图案的红旗。', 'A.正确  #B.错误', 2, '《中国共产党章程》第五十二条规定：中国共产党党旗为旗面缀有金黄色党徽图案的红旗。'),
(76, '基层单位凡是有正式党员（）人以上的，都应该成立党的基层组织。', 'A.正确  #B.错误', 2, '有正式党员3人以上的应该成立党的基层组织'),
(77, '王岐山同志在十八届中央纪委五次全会上强调，坚持“一案双查”，对违反党的政治纪律和政治规矩、组织纪律，“四风”问题突出、发生顶风违纪问题，出现区域性、系统性腐败案件的地方、部门和单位，既追究﹍﹍﹍﹍﹍、﹍﹍﹍﹍﹍，又严肃追究领导责任。', '    A、直接责任 间接责任\n　　#B、直接责任 监督责任\n　　#C、主体责任 监督责任\n　　#D、主要责任 主体责任', 2, ''),
(78, '习近平总书记在十八届中央纪委五次全会上强调，国家法律是党员、干部必须遵守的规矩，﹍﹍﹍是党领导人民制定的，全党必须模范执行。', '    A、法律\n　　#B、党规\n　　#C、廉洁准则\n　　#D、党纪', 1, ''),
(79, '十八届中央纪委五次全会强调,纠正“四风”重点查处﹍﹍﹍﹍﹍，中央八项规定出台后，群众路线教育实践活动开展后仍顶风违纪的行为。', '    A、十七大后\n　　#B、三严三实教育活动后\n　　#C、十八大后\n　　#D、十八大三中全会后', 3, ''),
(80, '习近平总书记在十八届中央纪委六次全会上指出，领导干部要把﹍﹍﹍﹍﹍摆在重要位置，廉洁修身、廉洁齐家。', '    A、作风建设\n　　#B、廉政建设\n　　#C、思想建设\n　　#D、家风建设', 4, ''),
(81, '王岐山同志在十八届中央纪委六次全会上强调，紧盯年节假期、一个节点一个节点坚守，坚持以上率下、看住﹍﹍﹍。', '    A、“一把手”\n　　#B、“关键少数”\n　　#C、高级干部\n　　#D、领导干部', 2, ''),
(82, '习近平总书记在十八届中央纪委三次全会上指出，要使﹍﹍﹍﹍﹍真正成为带电的高压线。', '    A、制度\n　　#B、法律\n　　#C、纪律\n　　#D、规定', 3, ''),
(83, '习近平总书记在十八届中央纪委五次全会上强调，广大纪检监察干部要敢于担当、敢于监督、敢于负责，努力成为一支﹍﹍的纪检监察队伍.', '    A、为民、务实、清廉\n　　#B、忠诚、干净、担当\n　　#C、作风优良、纪律严明\n　　#D、忠诚可靠、精干高效', 2, ''),
(84, '王岐山同志在十八届中央纪委五次全会上强调，主体责任是党章赋予各级党组织的﹍﹍。', '    A、第一责任\n　　#B、政治责任\n　　#C、基本责任\n　　#D、重要职责', 3, ''),
(85, '习近平总书记在十八届中央纪委二次全会上强调，中央八项规定既不是最高标准，更不是最终目的，只是我们改进作风的第一步，是我们作为共产党人应该做到的﹍﹍。', '    A、基本要求\n　　#B、一般要求\n　　#C、客观要求\n　　#D、最高要求', 1, ''),
(86, '习近平总书记在十八届中央纪委三次全会上强调，各级纪委要把﹍﹍﹍作为重要职责，更好协助党委加强党风建设和组织协调反腐败工作。', '    A、惩治腐败\n　　#B、纪律教育\n　　#C、作风监督\n　　#D、制度建设', 1, ''),
(87, '习近平总书记在十八届中央纪委二次全会上指出，改进工作作风，就是要净化﹍﹍﹍﹍﹍，营造廉洁从政的良好环境。', '    A、政治生态\n　　#B、经济生态\n　　#C、法治生态\n　　#D、社会生态', 1, ''),
(88, '纪委不光要办大案、打“老虎”，更要用﹍﹍﹍﹍﹍去衡量党员干部行为，用纪律的语言去描述违纪行为，线索处置、立案调查、审理报告都要体现出“把纪律挺在前面”的要求。', '    A、遵纪守法意识\n　　#B、党性\n　　#C、党章党规党纪\n　　#D、法律', 3, ''),
(89, '查办腐败案件以上级纪委领导为主，目的就是实现纪律检查工作双重领导体制﹍﹍﹍，实质是要推动落实好党风廉政建设主体责任和监督责任。', '    A、具体化程序化制度化\n　　#B、正常化长效化制度化\n　　#C、规范化常态化长效化\n　　#D、具体化正常化长效化', 1, ''),
(90, '关于党风与民风社风的关系，﹍﹍﹍﹍﹍说法不正确。', '    A、民风社风是土壤、是风向标，影响党风\n　　#B、民风社风是关键，决定党风。\n　　#C、党风是关键、是前提，决定民风社风。\n　　#D、改进作风，必须首先要抓好党风，以党风促民风', 2, ''),
(91, '党的十八届三中全会决定第36条开宗明义，落实党风廉政建设责任制，党委负主体责任、纪委负监督责任。这两种责任﹍﹍，主体责任是前提，监督责任是保障，两者相互作用、浑然一体。', '    A、不是并列关系\n　　#B、是并列关系\n　　#C、是对立统一的关系\n　　#D、是并列和对立统一的关系', 1, ''),
(92, '党的建设要与时俱进、创新发展。把纪律挺在前面，实现标本兼治，必须在﹍﹍上不断创新。', '    A、组织制度、管理监督\n　　#B、管理制度、执纪方式\n　　#C、基本职能、管理监督\n　　#D、组织制度、执纪方式', 1, ''),
(93, '派驻机构工作实质上是派出纪委工作的延伸，派出机关与派驻机构是﹍﹍。', '    A、紧密型领导关系\n　　#B、业务指导关系\n　　#C、联动协作关系\n　　#D、分工协作关系', 1, ''),
(94, '党必须在党章和法律范围内活动。', 'A正确  #B错误', 2, '党必须在宪法和法律范围内活动'),
(95, '《中国共产党纪律处分条例》规定，党员受到留党察看处分，其行政职务自然撤销。', 'A正确  #B错误', 2, '《中国共产党纪律处分条例》规定，党员受到留党察看处分，其党内职务自然撤销。'),
(96, '根据《中国共产党纪律处分条例》，生活奢靡、贪图享乐、追求低级趣味，造成不良影响的行为，违反了党的廉洁纪律。', 'A正确  #B错误', 2, '根据《中国共产党纪律处分条例》，生活奢靡、贪图享乐、追求低级趣味，造成不良影响的行为，违反了党的生活纪律。'),
(97, '2015年6月，习近平总书记在贵州召开部分省区市党委主要负责同志座谈会时，就加大力度推进扶贫开发工作提出了，切实落实领导责任，切实做到﹍﹍，切实强化社会合力，切实加强基层组织的要求。', '    A、精准扶贫\n　　#B、强化问责\n　　#C、加强领导\n　　#D、深化改革', 1, ''),
(98, '2015年6月习近平总书记在十八届中央政治局第二十四次集体学习时的讲话提出，“善除害者察其本，善理疾者绝其源。”铲除不良作风和腐败现象滋生蔓延的土壤，根本上要靠﹍﹍。', '    A、道德修养\n　　#B、自我约束\n　　#C、法规制度\n　　#D、人格魅力', 3, ''),
(99, '党员A违反自己所在的企事业单位规章制度，与党组织无关，党组织无需干预。', 'A.正确 #B.错误', 2, '根据《条例》第三十三条，党员违反国家法律、法规、企事业单位或者其他社会组织的规章制度受到其他纪律处分，应当追究党纪责任的，党组织在对有关方面认定的事实、性质和情节进行核实后，依照本条例规定给予党纪处分或者组织处理。'),
(100, '依法被劳动教养的，应当给予开除党籍处分，但是中共中央和（）另有规定的除外', 'A.中央政委 #B.中央组织部 #C.中央纪委 #D.中央宣传部', 3, '根据中国共产党纪律处分条例 第三十一条 依法被劳动教养的，应当给予开除党籍处分，但是中共中央和中央纪委另有规定的除外。'),
(101, '企业中一定不存在国家工作人员。', 'A.正确 #B.错误', 2, '对国家工作人员和以国家工作人员论的人员的认定，依照法律解释和司法解释执行'),
(102, '我们哈工大执行的责任制是党委领导下的校长负责制。', 'A.正确 #B.错误', 1, '在第十二次党代会报告的第四部分明确提出我们要模范执行党委领导下的校长负责制，加快完善现代大学治理体系。'),
(103, '2014年10月习近平总书记在党的群众路线教育实践活动总结大会上的讲话指出，一个班子强不强、有没有战斗力，同有没有严肃认真的﹍﹍﹍密切相关。', '    A、党内政治生活\n　　#B、批评与自我批评\n　　#C、学习教育\n　　#D、监督管理\n', 1, ''),
(104, '2013年6月习近平总书记在党的群众路线教育实践活动工作会议上的讲话指出，反对形式主义，要着重解决﹍﹍﹍的问题，教育引导党员、干部改进学风文风会风，改进工作作风。', '    A、工作不实\n　　#B、不敢担当\n　　#C、心浮气躁\n　　#D、作风不实\n', 1, ''),
(105, '习近平总书记指出，要把学习弘扬焦裕禄精神作为一条红线贯穿教育实践活动始终，做到﹍﹍﹍。', '    A、深学、对照、践行\n　　#B、笃学、细照、践行\n　　#C、深学、细照、笃行\n　　#D、深学、笃学、细照、\n', 3, ''),
(106, '被习近平总书记称为共产党人精神上的“钙”的是﹍﹍。', '    A、群众观念\n　　#B、理想信念\n　　#C、廉洁意识\n　　#D、法治意识\n', 2, ''),
(107, '党的十八大报告指出，反对腐败、建设﹍﹍﹍，是党一贯坚持的鲜明政治立场，是人民关注的重大政治问题。', '    A、廉洁政治\n　　#B、廉政政府\n　　#C、清明政治\n　　#D、法治政府\n\n', 1, ''),
(108, '老李是团的县级委员会书记，但不是党员，可以列席同级党的委员会会议。', 'A.正确  #B.错误', 2, '必须是党员才能列席。'),
(109, '县级党员A在常务委员会全体会议期间，因为时间原因，未定时向上级报告工作，所以在开会期间更加抓紧完成日常工作。', 'A.正确  #B.错误', 2, '根据中国共产党章程第二十七条，党的地方各级委员会的常务委员会，在委员会全体会议闭会期间，才能行使委员会职权。党的地方各级委员会的常务委员会定期向委员会全体会议报告工作，接受监督。'),
(110, '党的十八大报告指出，不断提高党的领导水平和执政水平、提高﹍﹍﹍能力，是党巩固执政地位、实现执政使命必须解决好的重大课题。', '    A、依法执政和民主执政\n　　#B、科学发展\n　　#C、拒腐防变和抵御风险\n　　#D、执政和管理', 3, ''),
(111, '党的十八大报告指出，要全面加强党的思想建设、组织建设、作风建设、反腐倡廉建设、制度建设，增强﹍﹍﹍、自我完善、自我革新、自我提高能力。', '    A、自我监督\n　　#B、自我净化\n　　#C、自我管理\n　　#D、自我改造', 2, ''),
(112, '十八届五中全会指出，“十三五”时期是﹍﹍﹍决胜阶段，“十三五”规划必须紧紧围绕实现这个奋斗目标来制定。', '    A、深化改革开发\n　　#B、全面建成小康社会\n　　#C、全面深化改革\n　　#D、建成法治国家', 2, ''),
(113, '十八届五中全会提出,坚持创新发展，必须把创新摆在国家发展全局的核心位置，不断推进﹍﹍﹍等各方面创新，让创新贯穿党和国家一切工作，让创新在全社会蔚然成风。', '    A、理论创新、制度创新、科技创新、文化创新\n#B、理念创新、法制创新、科技创新、文化创新\n#C、理论创新、载体创新、科技创新、文化创新\n　　#D、改革创新、载体创新、科技创新、文化创新', 1, ''),
(114, '十八届五中全会提出,坚持共享发展，必须坚持发展为了人民、发展依靠人民、发展成果由人民共享，作出更有效的制度安排，使全体人民在共建共享发展中有更多﹍﹍﹍。', '    A、获得感\n#B、归属感\n#C、幸福感\n#D、存在感', 1, ''),
(115, '十八大报告提出，富强、民主、文明、和谐是﹍﹍的价值目标。', '    A、社会层面\n　　#B、国家层面\n　　#C、公民个人层面\n　　#D、金融层面', 2, ''),
(116, '党的各级领导干部，由民主选举产生的职务是可变动或解除的，由领导机关任命的，职务是终身的。', 'A.正确  #B.错误', 2, '《党章》第三十六条规定，党的各级领导干部，由民主选举产生的，或是由领导机关任命的，职务都不是终身的，都可以变动或解除。'),
(117, '党员如果严重触犯刑律，必须开除党籍。', 'A.正确  #B.错误', 1, '根据党章第三十八条，严重触犯刑律的党员必须开除党籍。'),
(118, '党的各级纪律检查委员会每届任期和同级党的委员会不同。', 'A.正确  #B.错误', 2, '党的各级纪律检查委员会每届任期和同级党的委员会相同。'),
(119, '《党章》规定,中国共产党党员永远是劳动人民的普通一员。除了法律和政策规定范围内的个人利益和工作职权以外，所有共产党员都不得谋求任何﹍﹍。', '    A、私利和特权\n　　#B、政治权力\n　　#C、经济利益\n　　#D、物质享受"', 1, ''),
(120, '《党章》规定,在党组织讨论决定对党员的党纪处分或作出鉴定时，下列说法中，正确的应该是﹍﹍﹍。', 'A、本人无权参加和进行申辩\n#B、其他党员不可以为他作证和辩护\n#C、本人有权参加和进行申辩，其他党员可以为他作证和辩护\n#D、本人有权参加和进行申辩，其他党员不可以为他作证和辩护', 3, ''),
(121, '《党章》规定,当党员对党的决议和政策有不同意见时，下列说法中，正确的应该是﹍﹍﹍。', '    A、可以不执行党的决议和政策\n　　#B、在坚决执行的前提下，可以声明保留，并且可以把自己的意见向党的上级组织直至中央提出\n　　#C、必须坚决执行，不可以声明保留，也不允许向上级组织提出\n　　#D、在不执行的同时,向上级组织提出', 2, ''),
(122, '《党章》规定,党组织对违犯党的纪律的党员，应当本着﹍﹍﹍﹍﹍﹍﹍的精神，按照错误性质和情节轻重，给以批评教育直至纪律处分。', '    A、从严治党\n　　#B、批评与自我批评\n　　#C、惩前毖后,治病救人', 3, ''),
(123, '《党章》中关于留党察看党员的权利，表述正确的是﹍。', '    A.党员在留党察看期间没有表决权、选举权和被选举权\n　　#B.党员在留党察看期间没有表决权，但有选举权和被选举权\n　　#C.党员在留党察看期间有表决权，但没有选举权和被选举权\n　　#D.党员在留党察看期间有表决权、选举权和被选举权', 1, ''),
(124, '《党章》规定,党员经过留党察看，确已改正错误的，应当恢复其党员的权利;坚持错误不改的，应当﹍﹍﹍。', '    A、严重警告\n　　#B、撤销党内职务\n　　#C、开除党籍\n　　#D、撤销党内外职务', 3, ''),
(125, '《中国共产党党组工作条例(试行)》规定，党组成员除应当具备党章和《党政领导干部选拔任用工作条例》规定的党员领导干部的基本条件外，还应当有﹍﹍﹍党龄，其中厅局级以上单位的党组成员应当有﹍﹍﹍党龄。', '    A、1年以上 2年以上\n　　#B、1年以上 3年以上\n　　#C、2年以上 5年以上\n　　#D、3年以上 5年以上', 4, ''),
(126, '《中国共产党党组工作条例(试行)》规定，党组议事决策一般采用党组会议形式。党组会议一般每月召开﹍﹍﹍，遇有重要情况可以随时召开。', '    A、1次\n　　#B、2次\n　　#C、3次\n　　#D、4次', 1, ''),
(127, '《中国共产党党组工作条例(试行)》规定，党组会议应当有﹍﹍﹍党组成员到会方可召开，讨论决定干部任免事项必须有﹍﹍﹍党组成员到会。', '    A、三分之一以上 半数以上\n　　#B、三分之一以上 三分之二以上\n　　#C、半数以上 半数以上\n　　#D、半数以上 三分之二以上', 4, ''),
(128, '王丽是某大学艺术系学生党支部的一员，在一次党支部大会中她悬挂了一面由她自己设计的党旗。', 'A.正确  #B.错误', 2, '《条例》第五十三条规定：中国共产党的党旗党徽是中国共产党的象征和标志。党的各级组织和每一个党员都要维护党徽党旗的尊严。要按照规定制作和使用党徽党旗。'),
(129, '党员小张发现身为县党委成员的同事小李有滥用职权的行为，便向市纪律检查委员会提出了申诉。', 'A.正确  #B.错误', 2, '党章四十五条：如果发现同级的委员会或它的成员有违犯党的纪律的情况，在同级党的委员会不给予解决或不给予正确解决的时候，有权向上级纪律检查委员会提出申诉，请求协助处理。故小张应先向县纪律检查委员会提出了申诉，请求处理。'),
(130, '制定《中国共产党巡视工作条例》的依据是：﹍﹍﹍。', '    A、《中华人民共和国宪法》\n　　#B、《中国共产党纪律处分条例》\n　　#C、《中国共产党章程》\n　　#D、《中国共产党廉洁自律准则》', 3, ''),
(131, '《中国共产党巡视工作条例》规定，﹍﹍﹍承担巡视工作的主体责任。', '    A、被巡视党组织\n　　#B、开展巡视工作的党组织\n　　#C、巡视组\n　　#D、巡视工作领导小组', 2, ''),
(132, '《中国共产党巡视工作条例》规定，﹍﹍﹍为组织实施巡视工作的主要责任人。', '    A、被巡视党组织主要负责人\n　　#B、巡视组组长\n　　#C、派出巡视组的党组织主要负责人\n　　#D、巡视工作领导小组组长', 4, ''),
(133, '《中国共产党巡视工作条例》规定，巡视期间，经﹍﹍﹍批准，巡视组可以将被巡视党组织管理的干部涉嫌违纪违法的具体问题线索，移交有关纪律检查机关或者政法机关处理;对群众反映强烈、明显违反规定并且能够及时解决的问题，向被巡视党组织提出处理建议。', '    A、派出巡视组的党组织\n　　#B、巡视工作领导小组\n　　#C、巡视工作领导小组办公室\n　　#D、巡视组组长', 2, ''),
(134, '《中国共产党巡视工作条例》规定，﹍﹍﹍为巡视组反馈意见整改落实工作的第一责任人。', '    A、被巡视党组织主要负责人\n　　#B、被巡视党组织分管纪检工作的领导同志\n　　#C、巡视组组长\n　　#D、巡视工作领导小组组长', 1, ''),
(135, '《中国共产党巡视工作条例》规定，被巡视党组织收到巡视组反馈意见后，应当认真整改落实，并于﹍﹍﹍内将整改情况报告和主要负责人组织落实情况报告，报送巡视工作领导小组办公室。', '    A、1个月\n#B、2个月#C、3个月#D、4个月', 2, ''),
(136, '《中国共产党巡视工作条例》规定，有关纪律检查机关、组织部门收到巡视移交的问题或者线索后，应当及时研究提出谈话函询、初核、立案或者组织处理等意见，并于﹍﹍﹍内将办理情况反馈巡视工作领导小组办公室。', '    A、1个月#B、2个月\n#C、3个月#D、4个月', 3, ''),
(137, '《党政领导干部选拔任用工作条例》规定，提任县处级领导职务的，应当具有﹍﹍﹍工龄和﹍﹍﹍基层工作经历。', ' A、一年以上 半年以上\n#B、两年以上 一年以上\n#C、三年以上 两年以上\n#D、五年以上 两年以上', 4, ''),
(138, '《党政领导干部选拔任用工作条例》规定，民主推荐结果作为选拔任用的重要参考，在﹍﹍﹍有效。', 'A、半年内#B、一年内#C、两年内#D、五年内', 2, ''),
(139, '《党政领导干部选拔任用工作条例》规定，选拔任用党政领导干部，应当按照干部管理权限由﹍﹍﹍集体讨论作出任免决定，或者决定提出推荐、提名的意见。属于上级党委(党组)管理的，本级党委(党组)可以提出选拔任用建议。', '    A、组织(人事)部门\n#B、纪检监察机关\n#C、机关党委\n#D、党委(党组)', 4, ''),
(140, '《党政领导干部选拔任用工作条例》规定，党委(党组)讨论决定干部任免事项，必须有﹍﹍﹍以上成员到会，并保证与会成员有足够时间听取情况介绍、充分发表意见。', '    A、三分之一\n#B、三分之二#C、二分之一#D、四分之三', 2, ''),
(141, '党员A在长城景区旅游时在长城砖上留言“到此一游。', 'A.正确 #B.错误', 2, '《条例》第167条:违反关于保护环境、自然资源和文物古迹等方面的法律、法规，情节较轻的，给予警告或者严重警告处分;情节较重的，给予撤销党内职务或者留党察看处分;情节严重的，给予开除党籍处分。单位有前款所列行为的，对主要责任者和其他直接责任人员，依照前款规定处理。'),
(142, '党员A在网上转发谣言。', 'A.正确 #B.错误', 2, '《条例》168条:编造、散布虚假信息或者其他对社会有害的信息，情节较重的，给予警告或者严重警告处分;情节严重的，给予撤销党内职务，留党察看或者开除党籍处分。'),
(143, '党员A以谋利的目的出售大量淫秽影碟，造成一定社会影响，被查时还一度诡辩，请问是这种应该撤销党内职务吗？', 'A.正确 #B.错误', 1, '根据一百五十七条党员出售淫秽影碟情节较重，撤销党内职务。'),
(144, '党员B组织进行淫秽表演，后来给予了警告处分。', 'A.正确 #B.错误', 2, '应当开除党籍，根据《条例》一百五十八条，该党员应开除党籍'),
(145, '由于李某犯错，某党支部决定对他予以处分，支部成员只有部分到场，但因情况紧急，处分由到场的几个人决定批准，但严格按照规章程序。', 'A.正确 #B.错误', 2, '由第一章第六条，处分时，不允许任何个人或少数人决定批准 '),
(146, '党员小明因触犯党纪受到留党察看处分，因其仍是党员，故享有表决权、选举权和被选举权。', 'A.正确 #B.错误', 2, '《中国共产党纪律处分条例》中第二章第十四条规定党员受留党察看处分期间，没有表决权、选举权和被选举权。'),
(147, '党员A由于违反纪律，只受到了严厉的处分，警告其以后不能再违反纪律。', 'A.正确 #B.错误', 2, '第七条 坚持惩前毖后、治病救人的原则。处理违犯党纪的党组织和党员，应当实行惩戒与教育相结合，做到宽严相济。'),
(148, '党内最重的纪律处分是撤销党内职务。', 'A.正确 #B.错误', 1, '开除党籍是党内最高处分，而撤销党内职务是党的最重的纪律处分'),
(149, '党员A四年前由于某些严重的违纪行为受到开 除党籍处分，四年内一直恪尽职守，他现在想重新入党。', 'A.正确 #B.错误', 2, '根据《条例》第15条规定：党员受 到开除党籍处分，五年内不得重新入党。'),
(150, '中国共产党纪律处分条例仅全体党员必须遵守。', 'A.正确 #B.错误', 2, '条例第九条规定党的纪律是党的各级组织和全体党员必须遵守的行为规则。党组织和党员违反党章和党内法规，都必须受到追究。'),
(151, '党员A违纪后，可以通过一些方式减轻处分。', 'A.正确 #B.错误', 1, '《条例》第二十二条规定根据案件的特殊情况，由中央纪委决定或者经省（部）级纪委（不含副省级市纪委）决定并呈报中央纪委批准，对违纪党员也可以在本条例规定的量纪幅度以外减轻处分。'),
(152, '小强在学校生活中能够自觉远离低级趣味，自觉抵制歪风邪气。这是对“三严三实”中严于律己的体现。', 'A.正确 #B.错误', 2, '严以修身：就是要加强党性修养，坚定理想信念，提升道德境界，追求高尚情操，自觉远离低级趣味，自觉抵制歪风邪气。严以律己：就是要心存敬、手握戒尺，慎独慎微、勤于自省，遵守党纪国法，做到为政清廉。其他四项要求分别是严以用权、谋事要实、创业要实和做人要实。'),
(153, '在高考成绩出来后，某大学在招生过程中，通过电话以高待遇政策吸引优秀高考生，这种做法违法。', 'A.正确 #B.错误', 1, ''),
(154, '“迎百年，创一流”，我们要坚定不移的走中国特色，世界一流，哈工大规格办学之路，以______为根本，突出特色，厚值优势。', 'A、深化综合改革#B、坚持师生主体地位#C、立德树人#D、坚持哈工大特色规格', 3, '哈工大第十二届党代会报告第二部分指出，我们要以立德树人为根本，坚定不移的走中国特色社会主义道路，努力实现中华民族伟大复兴的中国梦，建设面向世界一流强校。'),
(155, '党员A平时生活铺张浪费，经常购买名贵的首饰和衣物，请朋友大吃大喝，经常无规划的胡乱花费，极度追求物质生活。', 'A.正确 #B.错误', 2, '《中国共产党员廉洁自律准则》第3条规定：坚持尚俭戒奢，艰苦朴素，勤俭节约。'),
(156, '党员A在工作中乐于享受，周围同事遇到困难时不愿意伸出援手，总是希望享受成果而不愿付出努力。', 'A.正确 #B.错误', 2, '《中国共产党员廉洁自律准则》第4条规定：坚持吃苦在前，享受在后，甘于奉献。'),
(157, '身为党员干部，重任在肩，所以在自己的家庭和工作之间应当以工作事业为重，以人民群众为先，放任子女自由成长。', 'A.正确 #B.错误', 2, '党员领导干部廉洁自律规范 第七条 廉洁齐家，自觉带头树立良好家风。齐家与工作同样重要。 造成重大损失的，对负有直接责任者，给予撤销党内职务或者留党察看处分；负有主要领导责任者，给予严重警告或者撤销党内职务处分；负有重要领导责任者，给予警告或者严重警告处分'),
(158, '某党员干部经常用公款吃喝，公款旅游，并利用职务之便，收受礼金。', 'A.正确 #B.错误', 2, '该党员干部的做法没有认清自己“人民公仆”的身份，利用职权中饱私囊，违反了党员领导干部廉洁自律规范第五条——廉洁从政，自觉保持人民公仆本色。'),
(159, '某村党员干部在未经过村民同意的情况下，将村中的集体用地卖给某化工企业，并将部分所得据为己有。', 'A.正确 #B.错误', 2, '该党员干部的做法损害了村民的利益，违反了党员领导干部廉洁自律规范第六条——廉洁用权，自觉维护人民根本利益。'),
(160, '某机关单位小李在工作中遇到棘手的问题,当他向上级机关领导反映问题时,上级领导未征求小李的意见就对此问题做出了决定。', 'A.正确 #B.错误', 2, '<<党章>>第十四条做出指示，党的各级领导机关，对同下级组织有关的重大问题作出决定时，在通常情况下要征求下级组织的意见，要保证下级组织能够正常行驶他们的职权。'),
(161, '改革开放以来我们取得一切成绩和进步的根本原因，归结起来就是：（）', 'A.中国共产党由人民当家作主，有良好的群众基础#B.开辟了中国特色社会主义道路，形成了中国特色社会主义理论体系\n#C. 对马克思列宁主义、毛泽东思想、邓小平理论的继承和发展#\nD. 以经济建设为中心，且其他各项工作都服从和服务于这个中心', 2, ''),
(162, '贯彻执行党的基本路线和各项方针、政策，带头参加改革开放和社会主义现代化建设，带动群众为经济发展和社会进步艰苦奋斗，在生产、工作、学习和社会生活中起（）作用。 ', 'A先锋#B模范#C领袖#D先锋模范  ', 4, ''),
(163, '坚持党和人民的利益高于一切，个人利益服从党和人民的利益，吃苦在前，享受在后，（），多做贡献。	  ', 'A廉贞无私	#B公而忘私#	C奉公守法#	D克己奉公', 4, ''),
(164, '维护党的团结和统一，对党（），言行一致，坚决反对一切派别组织和小集团活动，反对阳奉阴违的两面派行为和一切阴谋诡计。    ', 'A忠诚老实#	B忠诚笃实#	C忠实笃敬#	D诚实守信', 1, ''),
(165, '切实开展()，勇于揭露和纠正工作中的缺点、错误，坚决同消极腐败现象作斗争。 ', 'A群众路线#	B教育培训#	C批评和自我批评#	D批评工作', 3, ''),
(166, '发扬社会主义新风尚，带头实践社会主义荣辱观，提倡()，为了保护国家和人民的利益，在一切困难和危险的时刻挺身而出，英勇斗争，不怕牺牲。	', 'A社会主义核心价值观#	B八荣八耻#	C共产主义道德#	D共产主义新风尚', 3, ''),
(167, '在南海问题上，为了与邻国和平共处，中国可以放弃自身的一些利益，放弃南海的主权来和周围的一些国家搞好关系。', 'A.正确  #B.错误', 2, '党章中明确写到在互相尊重主权和领土完整、互不侵犯、互不干涉内政、平等互利、和平共处五项原则的基础上，发展我国同世界各国的关系。不断发展我国同周边国家的睦邻友好关系，加强同发展中国家的团结与合作。和平不能以自身主权被侵犯为代价。'),
(168, '中国坚决捍卫国家独立、主权和领土完整，不依附于任何大国，不同任何大国或国家集团结盟。这主要表明中国在国际事务中（ ）', 'A.维护世界和平#B.坚持独立自主#C.要与发展中国家结盟#D.反对霸权主义和强权政治 ', 2, '党章中我国独立自主的内涵及在对外活动中坚持独立自主的主要表现'),
(169, '王先生是工作单位的党支部书记，随着单位里党员数量的增加，王先生想自己做主另外成立一个新的党支部，符合规定。', 'A.正确  #B.错误', 2, '党章第十三条规定： 凡是成立党的新组织，或是撤销党的原有组织，必须由上级党组织决定。'),
(170, '发展党员，不需要经过党的支部，但坚持个别吸收的原则。', 'A.正确  #B.错误', 2, '《党的章程》第一章第五条明确提出“发展党员，必须经过党的支部，坚持个别吸收的原则”。'),
(171, '党的支部委员会对申请入党的人审查时不需要过多关注群众意见。', 'A.正确  #B.错误', 2, '《党的章程》第一章第五条明确提出“党的支部委员会对申请入党的人，要注意征求党内外有关群众的意见，进行严格审查。”。'),
(172, '申请入党的人需要______名正式党员作介绍人。', 'A.1 #B.2 #C.3 #D.4', 2, '《党的章程》第一章第五条明确提出“申请入党的人，要填写入党志愿书，要有两名正式党员作介绍人”。'),
(173, '党员干部B在一次会议上提出要以思想进步为中心，吸取先进思想，努力提高群众素质。这一观点符合中国共产党在领带社会领导社会主义事业中的目标。', 'A.正确  #B.错误', 2, '党章中写道：中国共产党在领导社会主义事业中，必须坚持以经济建设为中心，其他各项工作都服从和服务于这个中心。要抓紧时机，加快发展，实施科教兴国战略和可持续发展战略，充分发挥科学技术作为第一生产力的作用，依靠科技进步，提高劳动者素质，做到效益好、质量高、速度快，努力把经济建设搞上去。'),
(174, '在马克思列宁主义思想指引下，中国共产党领导全国各族人民，取得了社会主义革命的胜利，建立了人民民主专政的中华人民共和国。', 'A.正确  #B.错误', 2, '《党章》第四段:在毛泽东思想指引下，中国共产党领导全国各族人民，经过长期的反对帝国主义、封建主义、官僚资本主义的革命斗争，取得了新民主主义革命的胜利，建立了人民民主专政的中华人民共和国。'),
(175, '中国共产党的最高理想和最终目标是实现（ ）', 'A社会主义 #B小康社会 #C共产主义 #D大同社会', 3, '共产主义的如下基本特征决定了它是党的最高理想和最终目标：（1）社会生产力高度发展,物质财富极大丰富（2）社会成员共同占有全部生产资料（3）实行各尽所能,按需分配的原则（4）彻底消灭了阶级差别和重大社会差别（5）全体社会成员具有高度的共产主义觉悟和道德品质。'),
(176, '党的支部委员会对申请入党的人审查时不需要过多关注群众意见', 'A.正确  #B.错误', 2, '《党的章程》第一章第五条明确提出“党的支部委员会对申请入党的人，要注意征求党内外有关群众的意见，进行严格审查。”。'),
(177, '中国共产主义青年团和党的地位平起平坐。', 'A.正确  #B.错误', 2, '根据党章第49条规定，中国共产主义青年团是接受中国共产党领导的。'),
(178, '党组织讨论问题，必须执行多数服从少数的原则。', 'A.正确  #B.错误', 2, '根据党章第十六条，党组织讨论问题，必须执行少数服从多数的原则。'),
(179, '党的全国代表大会每几年举行一次', 'A 四年 #B 五年 #C 三年', 2, '党章第十八条规定党的全国代表大会每五年举行一次。'),
(180, '共青团的中央委员会受到谁的领导', 'A党的中央委员会  #B国务院', 1, '党章第四十九条规定共青团的中央委员会受党的中央委员会的领导。'),
(181, '中央委员会总书记可以不是中央政治局常务委员会委员。', 'A.正确  #B.错误', 2, '根据第二十二条规定中央委员会总书记必须从中央政治局常务委员会委员中产生，而中央书记处是中央政治局和它的常务委员会办事机构，中央委员会总书记要主持中央书记处工作。'),
(182, '李先生入党四年 ，被选为自治县委员会委员。', 'A.正确  #B.错误', 1, '党的自治县委员会委员必须有三年年以上党龄。'),
(183, '某学校的党支部和团支部，对于下一届共青团的干部直接内定上岗。', 'A.正确  #B.错误', 2, '党的各级委员会要加强对共青团的领导，注意团的干部的选拔和培训。'),
(184, '中国共产党党徽为镰刀和锄头组成的图案。', 'A.正确  #B.错误', 2, '镰刀和锤头'),
(185, '党组织对党员作出处分决定所依据的事实材料和处分决定（）同本人见面。', 'A.可以 #B.必须 #C.不用 #D.不一定', 2, '党章第四十一条规定处分决定所依据的事实材料和处分决定必须同本人见面，听取本人说明情况和申辩。'),
(186, '下列选项不属于党的各级纪律检查委员会职责的是', 'A、领导党内监督工作，对党员领导干部行使权力进行监督#\nB、对党员进行遵守纪律的教育#\nC、讨论决定对党员的纪律处分#\nD、受理党员的控告和申诉', 3, '《条例》第四十四条规定：各级纪律检查委员会要经常对党员进行遵守纪律的教育，作出关于维护党纪的决定；对党员领导干部行使权力进行监督；检查和处理党的组织和党员违反党的章程和其他党内法规的比较重要或复杂的案件，决定或取消对这些案件中的党员的处分；受理党员的控告和申诉；保障党员的权利。'),
(187, '某机关单位在做重大问题决策上主要由党组发挥领导核心作用。', 'A.正确  #B.错误', 1, '《条例》第四十六条规定:在中央和地方国家机关、人民团体、经济组织、文化组织和其他非党组织的领导机关中，可以成立党组。党组发挥领导核心作用。党组的任务，主要是负责贯彻执行党的路线，方针，政策；讨论和决定单位的重大问题。'),
(188, '中国财政部在上级党组织的批准下成立了党组，党组的成员却由上级党组织直接指定。', 'A.正确  #B.错误', 1, '党组作为领导核心，与其他的一级组织不同，党组成员由批准其成立的上级党组织直接决定。'),
(189, '在中华人民共和国成立65周年国庆日，某政府在政府广场上同时悬挂了国旗和党旗。', 'A.正确  #B.错误', 2, '党徽党旗要按照规定使用，在国旗法规定悬挂国旗的场所，一般不同时悬挂党旗。'),
(190, '党章是党的根本大法，全面从严治党首先要尊崇党章。', 'A正确  #B错误', 1, ''),
(191, '《党章》规定，党的最高理想和最终目标是实现中华民族的伟大复兴。', 'A正确  #B错误', 2, '《党章》规定，党的最高理想和最终目标是实现共产主义。'),
(192, '《党章》规定，改革是我们党执政兴国的第一要务。', 'A正确  #B错误', 2, '《党章》规定，发展是我们党执政兴国的第一要务。'),
(193, '《党章》规定，坚持改革开放是我们的强国之路。', 'A正确  #B错误', 1, ''),
(194, '《党章》规定，党的领导主要是政治、思想和人事的领导。', 'A正确  #B错误', 2, '《党章》规定，党的领导主要是政治、思想和组织的领导。'),
(195, '《党章》规定，在特殊情况下县级、县级以上各级党的委员会和纪律检查委员会有权直接决定给党员以纪律处分。', 'A正确  #B错误', 1, ''),
(196, '《党章》规定，党的地方各级纪律检查委员会和基层纪律检查委员会在同级党的委员会和上级纪律检查委员会分别领导下进行工作。', 'A正确  #B错误', 2, '《党章》规定，党的地方各级纪律检查委员会和基层纪律检查委员会在同级党的委员会和上级纪律检查委员会双重领导下进行工作。'),
(197, '《党章》规定，上级纪律检查委员会有权检查下级纪律检查委员会的工作，并且有权批准和改变下级纪律检查委员会对于案件所作的决定。', 'A正确  #B错误', 1, ''),
(198, '《党章》规定,党员除了享有表决权、选举权和被选举权以外，还有权要求罢免或撤换不称职的干部。', 'A正确  #B错误', 1, ''),
(199, '《党章》规定,党员如果没有正当理由，连续12个月不参加党的组织生活，或不交纳党费，或不做党所分配的工作，就被认为是自行脱党。', 'A正确  #B错误', 2, '《党章》规定,党员如果没有正当理由，连续6个月不参加党的组织生活，或不交纳党费，或不做党所分配的工作，就被认为是自行脱党。'),
(200, '《党章》规定,凡属重大问题，党的各级委员会都要按照集体领导、民主集中、个别酝酿、会议决定的原则，由党的委员会集体讨论，作出决定。', 'A正确  #B错误', 1, ''),
(201, '《党章》规定,党按照德才兼备的原则选拔干部。', 'A正确  #B错误', 2, '《党章》规定,党按照德才兼备、以德为先的原则选拔干部。'),
(202, '《党章》规定,党选拔干部坚持五湖四海、任人唯贤，反对任人唯亲。', 'A正确  #B错误', 1, ''),
(203, '《党章》规定,对于严重触犯刑律的党员，必须开除党籍。', 'A正确  #B错误', 1, ''),
(204, '《党章》规定,对党员的纪律处分，必须经过支部大会讨论决定，报总支部委员会批准。', 'A正确  #B错误', 2, '《党章》规定,对党员的纪律处分，必须经过支部大会讨论决定，报党的基层委员会批准。'),
(205, '《党章》规定,党组织对党员作出处分决定所依据的事实材料和处分决定可以同本人见面。', 'A正确  #B错误', 2, '《党章》规定,党组织对党员作出处分决定所依据的事实材料和处分决定必须同本人见面。'),
(206, '《党章》规定，对党的中央委员会和地方各级委员会的委员、候补委员，给以撤销党内职务、留党察看或开除党籍的处分，必须由本人所在的委员会全体会议三分之二的多数决定。', 'A正确  #B错误', 1, ''),
(207, '《党章》规定，党的最大政治优势是批评与自我批评。', 'A正确  #B错误', 2, '《党章》规定，党的最大政治优势是密切联系群众。'),
(208, '《党章》规定，中国共产党的根本宗旨是为民务实清廉。', 'A正确  #B错误', 2, '《党章》规定，中国共产党的根本宗旨是全心全意为人民服务。'),
(209, '中共共产党人追求的共产主义最高理想，只有在社会主义充分发展的基础上才能实现。', 'A正确  #B错误', 1, ''),
(210, '党章提出的“四个尊重”是指：尊重劳动、尊重知识、尊重人民、尊重创造。', 'A正确  #B错误', 2, '党章提出的“四个尊重”是指：尊重劳动、尊重知识、尊重人才、尊重创造。'),
(211, '中国共产党领导人民发展社会主义民主政治，坚持党的领导、人民当家作主和人民民主专政有机统一', 'A正确  #B错误', 2, '中国共产党领导人民发展社会主义民主政治，坚持党的领导、人民当家作主和依法治国有机统一。'),
(212, '建设社会主义新农村，走中国特色新型工业化道路，建设发展型国家。', 'A正确  #B错误', 2, '建设社会主义新农村，走中国特色新型工业化道路，建设创新型国家。'),
(213, '建设社会主义生态文明，着力建设资源节约型、环境保护型社会。', 'A正确  #B错误', 2, '建设社会主义生态文明，着力建设资源节约型、环境友好型社会。'),
(214, '中国共产党坚持独立自由的和平外交政策。', 'A正确  #B错误', 2, '中国共产党坚持独立自主的和平外交政策。'),
(215, '根据《中国共产党纪律处分条例》，违反党的优良传统和工作惯例等党的规矩，在政治上造成不良影响的行为，违反了党的工作纪律。', 'A正确  #B错误', 2, '根据《中国共产党纪律处分条例》，违反党的优良传统和工作惯例等党的规矩，在政治上造成不良影响的行为，违反了党的政治纪律。'),
(216, '根据《中国共产党纪律处分条例》，相互利用职权或者职务上的影响为对方及其配偶、子女及其配偶等亲属、身边工作人员和其他特定关系人谋取利益搞权权交易的，违反了党的廉洁纪律。', 'A正确  #B错误', 2, ''),
(217, '《行政机关公务员处分条例》规定，对行政机关公务员给予处分，由任免机关或者纪检机关按照干部管理权限决定。', 'A正确  #B错误', 2, '《行政机关公务员处分条例》规定，对行政机关公务员给予处分，由任免机关或者监察机关按照干部管理权限决定。'),
(218, '《中国共产党纪律处分条例》规定，直接责任者，是指在其职责范围内，不履行或者不正确履行自己的职责，对造成的损失或者后果起直接作用的党员或者党员领导干部。', 'A正确  #B错误', 2, '《中国共产党纪律处分条例》规定，直接责任者，是指在其职责范围内，不履行或者不正确履行自己的职责，对造成的损失或者后果起决定性作用的党员或者党员领导干部。'),
(219, '《中国共产党纪律处分条例》规定，主要领导责任者，是指在其职责范围内，对直接主管的工作不履行或者不正确履行职责，对造成的损失或者后果负主要领导责任的党员领导干部。', 'A正确  #B错误', 2, '《中国共产党纪律处分条例》规定，主要领导责任者，是指在其职责范围内，对直接主管的工作不履行或者不正确履行职责，对造成的损失或者后果负直接领导责任的党员领导干部。'),
(220, '《中国共产党纪律处分条例》规定，重要领导责任者，是指在其职责范围内，对应管的工作或者参与决定的工作不履行或者不正确履行职责，对造成的损失或者后果负重要领导责任的党员领导干部。', 'A正确  #B错误', 2, '《中国共产党纪律处分条例》规定，重要领导责任者，是指在其职责范围内，对应管的工作或者参与决定的工作不履行或者不正确履行职责，对造成的损失或者后果负次要领导责任的党员领导干部。'),
(221, '《中国共产党纪律处分条例》规定，收受可能影响公正执行公务的礼品、礼金、消费卡等，情节较轻的，给予警告或者严重警告处分。', 'A正确  #B错误', 1, ''),
(222, '党的十八届三中全会决定第36条开宗明义，落实党风廉政建设责任制，党委负监督责任、纪委负主体责任。', 'A正确  #B错误', 2, '党的十八届三中全会决定第36条开宗明义，落实党风廉政建设责任制，党委负主体责任、纪委负监督责任。'),
(223, '派驻纪检组就是“常驻不走的巡视组”，要聚焦全面从严治党，真正把监督执纪问责的职责担起来。', 'A正确  #B错误', 1, ''),
(224, '线索处置是纪律审查的源头和基础，要加强对反映领导干部问题线索的规范管理。', 'A正确  #B错误', 1, ''),
(225, '省委十一届六次全会指出，我省贫困落后是主要矛盾、加快发展是根本任务的基本省情没有变,既要“赶”又要“转”的双重任务没有变。', 'A正确  #B错误', 1, ''),
(226, '党的十八大报告提出，建设“三型”党组织是指学习型、 服务型、改革型。', 'A正确  #B错误', 2, '党的十八大报告提出，建设“三型”党组织是指学习型、 服务型、创新型。'),
(227, '全面从严治党，核心是坚持“老虎”“苍蝇”一起打。', 'A正确  #B错误', 2, '全面从严治党，核心是加强党的领导。');

-- --------------------------------------------------------

--
-- Table structure for table `dx_results`
--

CREATE TABLE IF NOT EXISTS `dx_results` (
  `r_id` int(11) NOT NULL,
  `studentId` varchar(20) NOT NULL,
  `r_grade` int(5) DEFAULT NULL
) ENGINE=InnoDB AUTO_INCREMENT=35 DEFAULT CHARSET=utf8;

--
-- Dumping data for table `dx_results`
--

INSERT INTO `dx_results` (`r_id`, `studentId`, `r_grade`) VALUES
(34, '130410211', -1);

--
-- Indexes for dumped tables
--

--
-- Indexes for table `dx_institute`
--
ALTER TABLE `dx_institute`
  ADD PRIMARY KEY (`id`);

--
-- Indexes for table `dx_party`
--
ALTER TABLE `dx_party`
  ADD PRIMARY KEY (`id`);

--
-- Indexes for table `dx_questions`
--
ALTER TABLE `dx_questions`
  ADD PRIMARY KEY (`q_id`);

--
-- Indexes for table `dx_results`
--
ALTER TABLE `dx_results`
  ADD PRIMARY KEY (`r_id`);

--
-- AUTO_INCREMENT for dumped tables
--

--
-- AUTO_INCREMENT for table `dx_institute`
--
ALTER TABLE `dx_institute`
  MODIFY `id` int(2) NOT NULL AUTO_INCREMENT COMMENT '学院',AUTO_INCREMENT=16;
--
-- AUTO_INCREMENT for table `dx_party`
--
ALTER TABLE `dx_party`
  MODIFY `id` int(8) NOT NULL AUTO_INCREMENT,AUTO_INCREMENT=1282;
--
-- AUTO_INCREMENT for table `dx_questions`
--
ALTER TABLE `dx_questions`
  MODIFY `q_id` int(11) NOT NULL AUTO_INCREMENT,AUTO_INCREMENT=228;
--
-- AUTO_INCREMENT for table `dx_results`
--
ALTER TABLE `dx_results`
  MODIFY `r_id` int(11) NOT NULL AUTO_INCREMENT,AUTO_INCREMENT=35;
/*!40101 SET CHARACTER_SET_CLIENT=@OLD_CHARACTER_SET_CLIENT */;
/*!40101 SET CHARACTER_SET_RESULTS=@OLD_CHARACTER_SET_RESULTS */;
/*!40101 SET COLLATION_CONNECTION=@OLD_COLLATION_CONNECTION */;
